[{"model": "contenttypes.contenttype", "pk": 1, "fields": {"app_label": "admin", "model": "logentry"}}, {"model": "contenttypes.contenttype", "pk": 2, "fields": {"app_label": "auth", "model": "permission"}}, {"model": "contenttypes.contenttype", "pk": 3, "fields": {"app_label": "auth", "model": "group"}}, {"model": "contenttypes.contenttype", "pk": 4, "fields": {"app_label": "auth", "model": "user"}}, {"model": "contenttypes.contenttype", "pk": 5, "fields": {"app_label": "contenttypes", "model": "contenttype"}}, {"model": "contenttypes.contenttype", "pk": 6, "fields": {"app_label": "sessions", "model": "session"}}, {"model": "contenttypes.contenttype", "pk": 7, "fields": {"app_label": "treasure_hunt", "model": "city"}}, {"model": "contenttypes.contenttype", "pk": 8, "fields": {"app_label": "treasure_hunt", "model": "place"}}, {"model": "contenttypes.contenttype", "pk": 9, "fields": {"app_label": "treasure_hunt", "model": "puzzle"}}, {"model": "contenttypes.contenttype", "pk": 10, "fields": {"app_label": "treasure_hunt", "model": "puzzlecity"}}, {"model": "contenttypes.contenttype", "pk": 11, "fields": {"app_label": "treasure_hunt", "model": "placepuzzle"}}, {"model": "contenttypes.contenttype", "pk": 12, "fields": {"app_label": "treasure_hunt", "model": "logevent"}}, {"model": "sessions.session", "pk": "21amdghmfemuemjhdzjvw44l2pty0rxh", "fields": {"session_data": "OTI0NWQ3MDc2NTU2OTViYmE1ZDgzNGFhNGJjNDc0OTZjNDcxYmMyYzp7InB1enpsZV9vcmRlciI6Mn0=", "expire_date": "2020-05-28T12:33:25.584Z"}}, {"model": "sessions.session", "pk": "2uahjfuk879lso1rkjv15nqd6m5pz70b", "fields": {"session_data": "NGVkOGQ3OWYxZGU5MDAxMDI0MTk4NjE5OWQ5YzcwYTE1OGVmNDM2NTp7Il9hdXRoX3VzZXJfaWQiOiIxIiwiX2F1dGhfdXNlcl9iYWNrZW5kIjoiZGphbmdvLmNvbnRyaWIuYXV0aC5iYWNrZW5kcy5Nb2RlbEJhY2tlbmQiLCJfYXV0aF91c2VyX2hhc2giOiIzMGMwZTM0YjI4ZWY5ZDViZTI2ZTg5YTI1NzNmMDEzOGRkODBmOGI4IiwicHV6emxlX29yZGVyIjozfQ==", "expire_date": "2020-08-15T13:36:40.269Z"}}, {"model": "sessions.session", "pk": "6yiioeyqcei1w133r51pw5h5jk00hrmz", "fields": {"session_data": "NjAxYzZiODU2YmYyMjA0YTU1ZDk3ZTViNTkzMTVlYTEzYjgwNTIwMDp7InB1enpsZV9vcmRlciI6MywiX2F1dGhfdXNlcl9pZCI6IjEiLCJfYXV0aF91c2VyX2JhY2tlbmQiOiJkamFuZ28uY29udHJpYi5hdXRoLmJhY2tlbmRzLk1vZGVsQmFja2VuZCIsIl9hdXRoX3VzZXJfaGFzaCI6IjMwYzBlMzRiMjhlZjlkNWJlMjZlODlhMjU3M2YwMTM4ZGQ4MGY4YjgifQ==", "expire_date": "2020-06-19T09:52:21.708Z"}}, {"model": "sessions.session", "pk": "a612qfkr35e5vhgon5beuuam96pm2xge", "fields": {"session_data": "NGVkOGQ3OWYxZGU5MDAxMDI0MTk4NjE5OWQ5YzcwYTE1OGVmNDM2NTp7Il9hdXRoX3VzZXJfaWQiOiIxIiwiX2F1dGhfdXNlcl9iYWNrZW5kIjoiZGphbmdvLmNvbnRyaWIuYXV0aC5iYWNrZW5kcy5Nb2RlbEJhY2tlbmQiLCJfYXV0aF91c2VyX2hhc2giOiIzMGMwZTM0YjI4ZWY5ZDViZTI2ZTg5YTI1NzNmMDEzOGRkODBmOGI4IiwicHV6emxlX29yZGVyIjozfQ==", "expire_date": "2020-05-28T12:21:20.815Z"}}, {"model": "sessions.session", "pk": "mqpbpmq4bg22o1b466z61vua87ii50qo", "fields": {"session_data": "NjAxYzZiODU2YmYyMjA0YTU1ZDk3ZTViNTkzMTVlYTEzYjgwNTIwMDp7InB1enpsZV9vcmRlciI6MywiX2F1dGhfdXNlcl9pZCI6IjEiLCJfYXV0aF91c2VyX2JhY2tlbmQiOiJkamFuZ28uY29udHJpYi5hdXRoLmJhY2tlbmRzLk1vZGVsQmFja2VuZCIsIl9hdXRoX3VzZXJfaGFzaCI6IjMwYzBlMzRiMjhlZjlkNWJlMjZlODlhMjU3M2YwMTM4ZGQ4MGY4YjgifQ==", "expire_date": "2020-07-14T10:14:51.184Z"}}, {"model": "sessions.session", "pk": "nydkxeafqqzv4n9o8yia7pca719feh6e", "fields": {"session_data": "NjZkMTI4NGZiZGM4ZDEwNWJjZjY4MzQ3ZTMxMTQzNDQ2NGNiMGNlMjp7Il9hdXRoX3VzZXJfaWQiOiIxIiwiX2F1dGhfdXNlcl9iYWNrZW5kIjoiZGphbmdvLmNvbnRyaWIuYXV0aC5iYWNrZW5kcy5Nb2RlbEJhY2tlbmQiLCJfYXV0aF91c2VyX2hhc2giOiIzMGMwZTM0YjI4ZWY5ZDViZTI2ZTg5YTI1NzNmMDEzOGRkODBmOGI4IiwiX2xhbmd1YWdlIjoiZnIifQ==", "expire_date": "2020-05-07T07:56:49.952Z"}}, {"model": "treasure_hunt.city", "pk": 1, "fields": {"name": "Paris", "country": "France"}}, {"model": "treasure_hunt.city", "pk": 2, "fields": {"name": "brussels", "country": "Belgium"}}, {"model": "treasure_hunt.puzzle", "pk": 1, "fields": {"name": "Historic Map", "type": "old_map", "layout": "old_map.html"}}, {"model": "treasure_hunt.puzzle", "pk": 2, "fields": {"name": "Solution", "type": "solution", "layout": "solution.html"}}, {"model": "treasure_hunt.puzzle", "pk": 3, "fields": {"name": "Landmarks", "type": "landmarks", "layout": "landmarks.html"}}, {"model": "treasure_hunt.puzzle", "pk": 4, "fields": {"name": "Simple Question", "type": "simple_question", "layout": "simple_question.html"}}, {"model": "treasure_hunt.place", "pk": "e004477c-646d-4777-beee-628bebc40dcb", "fields": {"name": "paris demo", "city": 1, "email": "olivierpierre85@gmail.com"}}, {"model": "treasure_hunt.place", "pk": "f2bde486-e597-470f-9296-07b9c3fa5cd4", "fields": {"name": "brussels demo", "city": 2, "email": "olivierpierre85@gmail.com"}}, {"model": "treasure_hunt.placepuzzle", "pk": "02676f78-bcad-4d5e-b020-1aae3a9a9e53", "fields": {"place": "f2bde486-e597-470f-9296-07b9c3fa5cd4", "puzzle": 3, "order": 1}}, {"model": "treasure_hunt.placepuzzle", "pk": "1f4bf7b5-e3d0-4cc2-963a-ab4efbcbc193", "fields": {"place": "e004477c-646d-4777-beee-628bebc40dcb", "puzzle": 1, "order": 1}}, {"model": "treasure_hunt.placepuzzle", "pk": "29f90eca-e03b-45e5-b76b-67aa4802a169", "fields": {"place": "f2bde486-e597-470f-9296-07b9c3fa5cd4", "puzzle": 1, "order": 0}}, {"model": "treasure_hunt.placepuzzle", "pk": "2b0d064e-1d42-48a6-9039-c5d0c65807cd", "fields": {"place": "f2bde486-e597-470f-9296-07b9c3fa5cd4", "puzzle": 2, "order": 3}}, {"model": "treasure_hunt.placepuzzle", "pk": "57790a0b-e82f-4a3b-bc3f-2c5ee93061a4", "fields": {"place": "e004477c-646d-4777-beee-628bebc40dcb", "puzzle": 2, "order": 3}}, {"model": "treasure_hunt.placepuzzle", "pk": "6fa104e7-07f2-47b1-b231-eeb2fb9ef464", "fields": {"place": "f2bde486-e597-470f-9296-07b9c3fa5cd4", "puzzle": 4, "order": 2}}, {"model": "treasure_hunt.placepuzzle", "pk": "b3beef09-90a6-4222-a983-2d21d23404bd", "fields": {"place": "e004477c-646d-4777-beee-628bebc40dcb", "puzzle": 4, "order": 0}}, {"model": "treasure_hunt.placepuzzle", "pk": "bc828692-7c20-4c97-b4a6-e718bc238aab", "fields": {"place": "e004477c-646d-4777-beee-628bebc40dcb", "puzzle": 3, "order": 2}}, {"model": "treasure_hunt.puzzlecity", "pk": 1, "fields": {"puzzle": 1, "city": 1, "answer": "NEC"}}, {"model": "treasure_hunt.puzzlecity", "pk": 2, "fields": {"puzzle": 3, "city": 1, "answer": "25641738"}}, {"model": "treasure_hunt.puzzlecity", "pk": 3, "fields": {"puzzle": 4, "city": 1, "answer": "Louis Vuitton"}}, {"model": "treasure_hunt.puzzlecity", "pk": 4, "fields": {"puzzle": 2, "city": 1, "answer": "answer"}}, {"model": "treasure_hunt.puzzlecity", "pk": 5, "fields": {"puzzle": 1, "city": 2, "answer": "10351"}}, {"model": "treasure_hunt.puzzlecity", "pk": 6, "fields": {"puzzle": 3, "city": 2, "answer": "84371526"}}, {"model": "treasure_hunt.puzzlecity", "pk": 7, "fields": {"puzzle": 2, "city": 2, "answer": "solution"}}, {"model": "treasure_hunt.puzzlecity", "pk": 8, "fields": {"puzzle": 4, "city": 2, "answer": "Tintin au quebec"}}, {"model": "treasure_hunt.logevent", "pk": 52, "fields": {"place": "e004477c-646d-4777-beee-628bebc40dcb", "puzzle": null, "type": "first_page", "info": "", "created": "2020-05-14T12:10:41.364Z"}}, {"model": "treasure_hunt.logevent", "pk": 53, "fields": {"place": null, "puzzle": null, "type": "error", "info": "first page", "created": "2020-05-14T12:11:51.100Z"}}, {"model": "treasure_hunt.logevent", "pk": 54, "fields": {"place": "e004477c-646d-4777-beee-628bebc40dcb", "puzzle": null, "type": "first_page", "info": "", "created": "2020-05-14T12:13:07.832Z"}}, {"model": "treasure_hunt.logevent", "pk": 55, "fields": {"place": null, "puzzle": null, "type": "error", "info": "puzzle", "created": "2020-05-14T12:21:20.603Z"}}, {"model": "treasure_hunt.logevent", "pk": 56, "fields": {"place": "e004477c-646d-4777-beee-628bebc40dcb", "puzzle": 2, "type": "open_puzzle", "info": "", "created": "2020-05-14T12:27:27.418Z"}}, {"model": "treasure_hunt.logevent", "pk": 57, "fields": {"place": "e004477c-646d-4777-beee-628bebc40dcb", "puzzle": 2, "type": "open_puzzle", "info": "", "created": "2020-05-14T12:29:47.864Z"}}, {"model": "treasure_hunt.logevent", "pk": 58, "fields": {"place": "e004477c-646d-4777-beee-628bebc40dcb", "puzzle": 2, "type": "open_puzzle", "info": "", "created": "2020-05-14T12:30:08.331Z"}}, {"model": "treasure_hunt.logevent", "pk": 59, "fields": {"place": "e004477c-646d-4777-beee-628bebc40dcb", "puzzle": null, "type": "first_page", "info": "", "created": "2020-05-14T12:30:23.260Z"}}, {"model": "treasure_hunt.logevent", "pk": 60, "fields": {"place": "e004477c-646d-4777-beee-628bebc40dcb", "puzzle": null, "type": "first_page", "info": "", "created": "2020-05-14T12:30:33.145Z"}}, {"model": "treasure_hunt.logevent", "pk": 61, "fields": {"place": "e004477c-646d-4777-beee-628bebc40dcb", "puzzle": 4, "type": "open_puzzle", "info": "", "created": "2020-05-14T12:30:36.646Z"}}, {"model": "treasure_hunt.logevent", "pk": 62, "fields": {"place": "e004477c-646d-4777-beee-628bebc40dcb", "puzzle": null, "type": "first_page", "info": "", "created": "2020-05-14T12:32:52.139Z"}}, {"model": "treasure_hunt.logevent", "pk": 63, "fields": {"place": "e004477c-646d-4777-beee-628bebc40dcb", "puzzle": 4, "type": "open_puzzle", "info": "", "created": "2020-05-14T12:32:55.548Z"}}, {"model": "treasure_hunt.logevent", "pk": 64, "fields": {"place": "e004477c-646d-4777-beee-628bebc40dcb", "puzzle": 4, "type": "answer true", "info": "louis vuitton", "created": "2020-05-14T12:33:01.138Z"}}, {"model": "treasure_hunt.logevent", "pk": 65, "fields": {"place": "e004477c-646d-4777-beee-628bebc40dcb", "puzzle": 1, "type": "open_puzzle", "info": "", "created": "2020-05-14T12:33:03.022Z"}}, {"model": "treasure_hunt.logevent", "pk": 66, "fields": {"place": "e004477c-646d-4777-beee-628bebc40dcb", "puzzle": 1, "type": "open_puzzle", "info": "", "created": "2020-05-14T12:33:07.545Z"}}, {"model": "treasure_hunt.logevent", "pk": 67, "fields": {"place": "e004477c-646d-4777-beee-628bebc40dcb", "puzzle": 4, "type": "open_puzzle", "info": "", "created": "2020-05-14T12:33:10.148Z"}}, {"model": "treasure_hunt.logevent", "pk": 68, "fields": {"place": "e004477c-646d-4777-beee-628bebc40dcb", "puzzle": 1, "type": "open_puzzle", "info": "", "created": "2020-05-14T12:33:11.880Z"}}, {"model": "treasure_hunt.logevent", "pk": 69, "fields": {"place": "e004477c-646d-4777-beee-628bebc40dcb", "puzzle": 1, "type": "answer true", "info": "N E C", "created": "2020-05-14T12:33:23.224Z"}}, {"model": "treasure_hunt.logevent", "pk": 70, "fields": {"place": "e004477c-646d-4777-beee-628bebc40dcb", "puzzle": 3, "type": "open_puzzle", "info": "", "created": "2020-05-14T12:33:25.265Z"}}, {"model": "treasure_hunt.logevent", "pk": 71, "fields": {"place": "e004477c-646d-4777-beee-628bebc40dcb", "puzzle": 3, "type": "info_click", "info": "1", "created": "2020-05-14T12:33:37.126Z"}}, {"model": "treasure_hunt.logevent", "pk": 72, "fields": {"place": "e004477c-646d-4777-beee-628bebc40dcb", "puzzle": null, "type": "first_page", "info": "", "created": "2020-05-20T14:33:55.791Z"}}, {"model": "treasure_hunt.logevent", "pk": 73, "fields": {"place": "e004477c-646d-4777-beee-628bebc40dcb", "puzzle": 4, "type": "open_puzzle", "info": "", "created": "2020-05-20T14:34:01.750Z"}}, {"model": "treasure_hunt.logevent", "pk": 74, "fields": {"place": "e004477c-646d-4777-beee-628bebc40dcb", "puzzle": 4, "type": "info_click", "info": "1", "created": "2020-05-20T14:34:05.864Z"}}, {"model": "treasure_hunt.logevent", "pk": 75, "fields": {"place": "e004477c-646d-4777-beee-628bebc40dcb", "puzzle": 4, "type": "info_click", "info": "4", "created": "2020-05-20T14:34:11.392Z"}}, {"model": "treasure_hunt.logevent", "pk": 76, "fields": {"place": "e004477c-646d-4777-beee-628bebc40dcb", "puzzle": 1, "type": "open_puzzle", "info": "", "created": "2020-05-20T14:40:53.283Z"}}, {"model": "treasure_hunt.logevent", "pk": 77, "fields": {"place": "e004477c-646d-4777-beee-628bebc40dcb", "puzzle": 1, "type": "info_click", "info": "1", "created": "2020-05-20T14:40:56.627Z"}}, {"model": "treasure_hunt.logevent", "pk": 78, "fields": {"place": "e004477c-646d-4777-beee-628bebc40dcb", "puzzle": 1, "type": "info_click", "info": "2", "created": "2020-05-20T14:41:01.151Z"}}, {"model": "treasure_hunt.logevent", "pk": 79, "fields": {"place": "e004477c-646d-4777-beee-628bebc40dcb", "puzzle": 1, "type": "info_click", "info": "3", "created": "2020-05-20T14:41:07.073Z"}}, {"model": "treasure_hunt.logevent", "pk": 80, "fields": {"place": "e004477c-646d-4777-beee-628bebc40dcb", "puzzle": 1, "type": "info_click", "info": "3", "created": "2020-05-20T14:41:26.776Z"}}, {"model": "treasure_hunt.logevent", "pk": 81, "fields": {"place": "e004477c-646d-4777-beee-628bebc40dcb", "puzzle": 1, "type": "open_puzzle", "info": "", "created": "2020-05-20T14:43:24.038Z"}}, {"model": "treasure_hunt.logevent", "pk": 82, "fields": {"place": "e004477c-646d-4777-beee-628bebc40dcb", "puzzle": 1, "type": "info_click", "info": "4", "created": "2020-05-20T14:43:33.533Z"}}, {"model": "treasure_hunt.logevent", "pk": 83, "fields": {"place": "e004477c-646d-4777-beee-628bebc40dcb", "puzzle": null, "type": "first_page", "info": "", "created": "2020-05-20T14:43:49.964Z"}}, {"model": "treasure_hunt.logevent", "pk": 84, "fields": {"place": "e004477c-646d-4777-beee-628bebc40dcb", "puzzle": null, "type": "first_page", "info": "", "created": "2020-05-20T14:45:58.099Z"}}, {"model": "treasure_hunt.logevent", "pk": 85, "fields": {"place": "e004477c-646d-4777-beee-628bebc40dcb", "puzzle": null, "type": "first_page", "info": "", "created": "2020-05-20T14:46:14.046Z"}}, {"model": "treasure_hunt.logevent", "pk": 86, "fields": {"place": null, "puzzle": null, "type": "error", "info": "first page", "created": "2020-05-20T14:47:04.197Z"}}, {"model": "treasure_hunt.logevent", "pk": 87, "fields": {"place": "e004477c-646d-4777-beee-628bebc40dcb", "puzzle": null, "type": "first_page", "info": "", "created": "2020-05-20T14:47:12.761Z"}}, {"model": "treasure_hunt.logevent", "pk": 88, "fields": {"place": "e004477c-646d-4777-beee-628bebc40dcb", "puzzle": null, "type": "first_page", "info": "", "created": "2020-05-20T14:48:34.748Z"}}, {"model": "treasure_hunt.logevent", "pk": 89, "fields": {"place": "e004477c-646d-4777-beee-628bebc40dcb", "puzzle": null, "type": "first_page", "info": "", "created": "2020-05-20T14:49:14.786Z"}}, {"model": "treasure_hunt.logevent", "pk": 90, "fields": {"place": "e004477c-646d-4777-beee-628bebc40dcb", "puzzle": null, "type": "first_page", "info": "", "created": "2020-05-20T14:49:49.382Z"}}, {"model": "treasure_hunt.logevent", "pk": 91, "fields": {"place": "e004477c-646d-4777-beee-628bebc40dcb", "puzzle": null, "type": "first_page", "info": "", "created": "2020-05-20T14:57:16.647Z"}}, {"model": "treasure_hunt.logevent", "pk": 92, "fields": {"place": "e004477c-646d-4777-beee-628bebc40dcb", "puzzle": 1, "type": "open_puzzle", "info": "", "created": "2020-05-20T14:57:31.967Z"}}, {"model": "treasure_hunt.logevent", "pk": 93, "fields": {"place": "e004477c-646d-4777-beee-628bebc40dcb", "puzzle": 4, "type": "open_puzzle", "info": "", "created": "2020-05-20T14:57:45.773Z"}}, {"model": "treasure_hunt.logevent", "pk": 94, "fields": {"place": "e004477c-646d-4777-beee-628bebc40dcb", "puzzle": 4, "type": "open_puzzle", "info": "", "created": "2020-05-20T15:00:41.895Z"}}, {"model": "treasure_hunt.logevent", "pk": 95, "fields": {"place": "e004477c-646d-4777-beee-628bebc40dcb", "puzzle": 4, "type": "open_puzzle", "info": "", "created": "2020-05-20T15:00:46.613Z"}}, {"model": "treasure_hunt.logevent", "pk": 96, "fields": {"place": "e004477c-646d-4777-beee-628bebc40dcb", "puzzle": null, "type": "first_page", "info": "", "created": "2020-05-20T15:00:49.948Z"}}, {"model": "treasure_hunt.logevent", "pk": 97, "fields": {"place": "e004477c-646d-4777-beee-628bebc40dcb", "puzzle": null, "type": "first_page", "info": "", "created": "2020-05-20T15:05:03.551Z"}}, {"model": "treasure_hunt.logevent", "pk": 98, "fields": {"place": "e004477c-646d-4777-beee-628bebc40dcb", "puzzle": null, "type": "first_page", "info": "", "created": "2020-05-20T15:06:48.938Z"}}, {"model": "treasure_hunt.logevent", "pk": 99, "fields": {"place": "e004477c-646d-4777-beee-628bebc40dcb", "puzzle": null, "type": "first_page", "info": "", "created": "2020-05-20T15:07:06.281Z"}}, {"model": "treasure_hunt.logevent", "pk": 100, "fields": {"place": "e004477c-646d-4777-beee-628bebc40dcb", "puzzle": null, "type": "first_page", "info": "", "created": "2020-05-20T15:08:46.833Z"}}, {"model": "treasure_hunt.logevent", "pk": 101, "fields": {"place": "e004477c-646d-4777-beee-628bebc40dcb", "puzzle": null, "type": "first_page", "info": "", "created": "2020-05-20T15:09:45.290Z"}}, {"model": "treasure_hunt.logevent", "pk": 102, "fields": {"place": "e004477c-646d-4777-beee-628bebc40dcb", "puzzle": null, "type": "first_page", "info": "", "created": "2020-05-20T15:10:29.590Z"}}, {"model": "treasure_hunt.logevent", "pk": 103, "fields": {"place": "e004477c-646d-4777-beee-628bebc40dcb", "puzzle": null, "type": "first_page", "info": "", "created": "2020-05-20T15:11:02.851Z"}}, {"model": "treasure_hunt.logevent", "pk": 104, "fields": {"place": "e004477c-646d-4777-beee-628bebc40dcb", "puzzle": null, "type": "first_page", "info": "", "created": "2020-05-20T15:11:17.349Z"}}, {"model": "treasure_hunt.logevent", "pk": 105, "fields": {"place": "e004477c-646d-4777-beee-628bebc40dcb", "puzzle": null, "type": "first_page", "info": "", "created": "2020-05-20T15:11:25.981Z"}}, {"model": "treasure_hunt.logevent", "pk": 106, "fields": {"place": "e004477c-646d-4777-beee-628bebc40dcb", "puzzle": null, "type": "first_page", "info": "", "created": "2020-05-20T15:11:39.075Z"}}, {"model": "treasure_hunt.logevent", "pk": 107, "fields": {"place": "e004477c-646d-4777-beee-628bebc40dcb", "puzzle": null, "type": "first_page", "info": "", "created": "2020-05-20T15:12:28.073Z"}}, {"model": "treasure_hunt.logevent", "pk": 108, "fields": {"place": null, "puzzle": null, "type": "error", "info": "first page", "created": "2020-05-20T15:12:37.817Z"}}, {"model": "treasure_hunt.logevent", "pk": 109, "fields": {"place": "e004477c-646d-4777-beee-628bebc40dcb", "puzzle": null, "type": "first_page", "info": "", "created": "2020-05-20T15:12:46.276Z"}}, {"model": "treasure_hunt.logevent", "pk": 110, "fields": {"place": null, "puzzle": null, "type": "error", "info": "first page", "created": "2020-05-20T15:14:48.336Z"}}, {"model": "treasure_hunt.logevent", "pk": 111, "fields": {"place": "e004477c-646d-4777-beee-628bebc40dcb", "puzzle": null, "type": "first_page", "info": "", "created": "2020-05-20T15:15:05.928Z"}}, {"model": "treasure_hunt.logevent", "pk": 112, "fields": {"place": "e004477c-646d-4777-beee-628bebc40dcb", "puzzle": null, "type": "first_page", "info": "", "created": "2020-05-20T15:15:56.298Z"}}, {"model": "treasure_hunt.logevent", "pk": 113, "fields": {"place": "e004477c-646d-4777-beee-628bebc40dcb", "puzzle": null, "type": "first_page", "info": "", "created": "2020-05-20T15:17:48.341Z"}}, {"model": "treasure_hunt.logevent", "pk": 114, "fields": {"place": "e004477c-646d-4777-beee-628bebc40dcb", "puzzle": null, "type": "first_page", "info": "", "created": "2020-05-20T15:18:05.489Z"}}, {"model": "treasure_hunt.logevent", "pk": 115, "fields": {"place": "e004477c-646d-4777-beee-628bebc40dcb", "puzzle": 4, "type": "open_puzzle", "info": "", "created": "2020-05-20T15:18:21.562Z"}}, {"model": "treasure_hunt.logevent", "pk": 116, "fields": {"place": "e004477c-646d-4777-beee-628bebc40dcb", "puzzle": null, "type": "first_page", "info": "", "created": "2020-05-20T15:20:21.686Z"}}, {"model": "treasure_hunt.logevent", "pk": 117, "fields": {"place": "e004477c-646d-4777-beee-628bebc40dcb", "puzzle": null, "type": "first_page", "info": "", "created": "2020-05-20T15:20:33.805Z"}}, {"model": "treasure_hunt.logevent", "pk": 118, "fields": {"place": "e004477c-646d-4777-beee-628bebc40dcb", "puzzle": null, "type": "first_page", "info": "", "created": "2020-05-20T15:21:31.951Z"}}, {"model": "treasure_hunt.logevent", "pk": 119, "fields": {"place": "e004477c-646d-4777-beee-628bebc40dcb", "puzzle": null, "type": "first_page", "info": "", "created": "2020-05-20T15:22:10.190Z"}}, {"model": "treasure_hunt.logevent", "pk": 120, "fields": {"place": null, "puzzle": null, "type": "error", "info": "first page", "created": "2020-05-20T15:22:53.517Z"}}, {"model": "treasure_hunt.logevent", "pk": 121, "fields": {"place": "e004477c-646d-4777-beee-628bebc40dcb", "puzzle": null, "type": "first_page", "info": "", "created": "2020-05-20T15:22:57.386Z"}}, {"model": "treasure_hunt.logevent", "pk": 122, "fields": {"place": null, "puzzle": null, "type": "error", "info": "first page", "created": "2020-05-20T15:23:07.612Z"}}, {"model": "treasure_hunt.logevent", "pk": 123, "fields": {"place": "e004477c-646d-4777-beee-628bebc40dcb", "puzzle": null, "type": "first_page", "info": "", "created": "2020-05-20T15:23:36.017Z"}}, {"model": "treasure_hunt.logevent", "pk": 124, "fields": {"place": "e004477c-646d-4777-beee-628bebc40dcb", "puzzle": null, "type": "first_page", "info": "", "created": "2020-05-20T15:25:01.927Z"}}, {"model": "treasure_hunt.logevent", "pk": 125, "fields": {"place": "e004477c-646d-4777-beee-628bebc40dcb", "puzzle": null, "type": "first_page", "info": "", "created": "2020-05-20T15:26:52.522Z"}}, {"model": "treasure_hunt.logevent", "pk": 126, "fields": {"place": "e004477c-646d-4777-beee-628bebc40dcb", "puzzle": null, "type": "first_page", "info": "", "created": "2020-05-20T15:29:29.452Z"}}, {"model": "treasure_hunt.logevent", "pk": 127, "fields": {"place": "e004477c-646d-4777-beee-628bebc40dcb", "puzzle": null, "type": "first_page", "info": "", "created": "2020-05-20T15:31:01.917Z"}}, {"model": "treasure_hunt.logevent", "pk": 128, "fields": {"place": "e004477c-646d-4777-beee-628bebc40dcb", "puzzle": 4, "type": "open_puzzle", "info": "", "created": "2020-05-20T15:31:10.713Z"}}, {"model": "treasure_hunt.logevent", "pk": 129, "fields": {"place": "e004477c-646d-4777-beee-628bebc40dcb", "puzzle": 4, "type": "open_puzzle", "info": "", "created": "2020-05-20T15:31:41.412Z"}}, {"model": "treasure_hunt.logevent", "pk": 130, "fields": {"place": "e004477c-646d-4777-beee-628bebc40dcb", "puzzle": 4, "type": "open_puzzle", "info": "", "created": "2020-05-20T15:32:01.463Z"}}, {"model": "treasure_hunt.logevent", "pk": 131, "fields": {"place": "e004477c-646d-4777-beee-628bebc40dcb", "puzzle": 4, "type": "open_puzzle", "info": "", "created": "2020-05-20T15:33:08.896Z"}}, {"model": "treasure_hunt.logevent", "pk": 132, "fields": {"place": "e004477c-646d-4777-beee-628bebc40dcb", "puzzle": 4, "type": "open_puzzle", "info": "", "created": "2020-05-20T15:35:54.691Z"}}, {"model": "treasure_hunt.logevent", "pk": 133, "fields": {"place": "e004477c-646d-4777-beee-628bebc40dcb", "puzzle": 4, "type": "hint_click", "info": "1", "created": "2020-05-20T15:35:56.730Z"}}, {"model": "treasure_hunt.logevent", "pk": 134, "fields": {"place": "e004477c-646d-4777-beee-628bebc40dcb", "puzzle": 4, "type": "hint_click", "info": "2", "created": "2020-05-20T15:35:59.466Z"}}, {"model": "treasure_hunt.logevent", "pk": 135, "fields": {"place": "e004477c-646d-4777-beee-628bebc40dcb", "puzzle": 4, "type": "hint_click", "info": "3", "created": "2020-05-20T15:36:03.425Z"}}, {"model": "treasure_hunt.logevent", "pk": 136, "fields": {"place": "e004477c-646d-4777-beee-628bebc40dcb", "puzzle": 4, "type": "hint_click", "info": "1", "created": "2020-05-20T15:36:11.220Z"}}, {"model": "treasure_hunt.logevent", "pk": 137, "fields": {"place": "e004477c-646d-4777-beee-628bebc40dcb", "puzzle": 4, "type": "answer true", "info": "louis vuitton", "created": "2020-05-20T15:36:18.862Z"}}, {"model": "treasure_hunt.logevent", "pk": 138, "fields": {"place": "e004477c-646d-4777-beee-628bebc40dcb", "puzzle": 1, "type": "open_puzzle", "info": "", "created": "2020-05-20T15:36:22.227Z"}}, {"model": "treasure_hunt.logevent", "pk": 139, "fields": {"place": "e004477c-646d-4777-beee-628bebc40dcb", "puzzle": 1, "type": "info_click", "info": "1", "created": "2020-05-20T15:36:30.476Z"}}, {"model": "treasure_hunt.logevent", "pk": 140, "fields": {"place": "e004477c-646d-4777-beee-628bebc40dcb", "puzzle": 1, "type": "info_click", "info": "2", "created": "2020-05-20T15:36:34.996Z"}}, {"model": "treasure_hunt.logevent", "pk": 141, "fields": {"place": "e004477c-646d-4777-beee-628bebc40dcb", "puzzle": 1, "type": "hint_click", "info": "1", "created": "2020-05-20T15:37:12.069Z"}}, {"model": "treasure_hunt.logevent", "pk": 142, "fields": {"place": "e004477c-646d-4777-beee-628bebc40dcb", "puzzle": 1, "type": "open_puzzle", "info": "", "created": "2020-05-20T15:38:00.560Z"}}, {"model": "treasure_hunt.logevent", "pk": 143, "fields": {"place": "e004477c-646d-4777-beee-628bebc40dcb", "puzzle": 1, "type": "hint_click", "info": "1", "created": "2020-05-20T15:38:04.704Z"}}, {"model": "treasure_hunt.logevent", "pk": 144, "fields": {"place": "e004477c-646d-4777-beee-628bebc40dcb", "puzzle": 1, "type": "hint_click", "info": "2", "created": "2020-05-20T15:38:07.771Z"}}, {"model": "treasure_hunt.logevent", "pk": 145, "fields": {"place": "e004477c-646d-4777-beee-628bebc40dcb", "puzzle": 1, "type": "hint_click", "info": "3", "created": "2020-05-20T15:38:13.168Z"}}, {"model": "treasure_hunt.logevent", "pk": 146, "fields": {"place": "e004477c-646d-4777-beee-628bebc40dcb", "puzzle": 1, "type": "answer true", "info": "N E C", "created": "2020-05-20T15:38:21.132Z"}}, {"model": "treasure_hunt.logevent", "pk": 147, "fields": {"place": "e004477c-646d-4777-beee-628bebc40dcb", "puzzle": 3, "type": "open_puzzle", "info": "", "created": "2020-05-20T15:38:22.215Z"}}, {"model": "treasure_hunt.logevent", "pk": 148, "fields": {"place": "e004477c-646d-4777-beee-628bebc40dcb", "puzzle": 3, "type": "open_puzzle", "info": "", "created": "2020-05-20T15:39:51.686Z"}}, {"model": "treasure_hunt.logevent", "pk": 149, "fields": {"place": "e004477c-646d-4777-beee-628bebc40dcb", "puzzle": 3, "type": "hint_click", "info": "3", "created": "2020-05-20T15:40:00.146Z"}}, {"model": "treasure_hunt.logevent", "pk": 150, "fields": {"place": "e004477c-646d-4777-beee-628bebc40dcb", "puzzle": 3, "type": "hint_click", "info": "1", "created": "2020-05-20T15:43:21.496Z"}}, {"model": "treasure_hunt.logevent", "pk": 151, "fields": {"place": "e004477c-646d-4777-beee-628bebc40dcb", "puzzle": 3, "type": "hint_click", "info": "2", "created": "2020-05-20T15:43:24.099Z"}}, {"model": "treasure_hunt.logevent", "pk": 152, "fields": {"place": null, "puzzle": null, "type": "error", "info": "puzzle", "created": "2020-05-20T15:44:17.475Z"}}, {"model": "treasure_hunt.logevent", "pk": 153, "fields": {"place": null, "puzzle": null, "type": "error", "info": "puzzle", "created": "2020-05-20T15:44:32.329Z"}}, {"model": "treasure_hunt.logevent", "pk": 154, "fields": {"place": null, "puzzle": null, "type": "error", "info": "puzzle", "created": "2020-05-20T15:45:37.207Z"}}, {"model": "treasure_hunt.logevent", "pk": 155, "fields": {"place": "e004477c-646d-4777-beee-628bebc40dcb", "puzzle": 2, "type": "open_puzzle", "info": "", "created": "2020-05-20T15:46:33.287Z"}}, {"model": "treasure_hunt.logevent", "pk": 156, "fields": {"place": "e004477c-646d-4777-beee-628bebc40dcb", "puzzle": 2, "type": "hint_click", "info": "1", "created": "2020-05-20T15:46:49.659Z"}}, {"model": "treasure_hunt.logevent", "pk": 157, "fields": {"place": "e004477c-646d-4777-beee-628bebc40dcb", "puzzle": 2, "type": "hint_click", "info": "2", "created": "2020-05-20T15:46:52.810Z"}}, {"model": "treasure_hunt.logevent", "pk": 158, "fields": {"place": "e004477c-646d-4777-beee-628bebc40dcb", "puzzle": 2, "type": "hint_click", "info": "3", "created": "2020-05-20T15:46:55.282Z"}}, {"model": "treasure_hunt.logevent", "pk": 159, "fields": {"place": "e004477c-646d-4777-beee-628bebc40dcb", "puzzle": 2, "type": "open_puzzle", "info": "", "created": "2020-05-20T15:47:14.877Z"}}, {"model": "treasure_hunt.logevent", "pk": 160, "fields": {"place": "e004477c-646d-4777-beee-628bebc40dcb", "puzzle": 2, "type": "hint_click", "info": "3", "created": "2020-05-20T15:47:16.595Z"}}, {"model": "treasure_hunt.logevent", "pk": 161, "fields": {"place": "e004477c-646d-4777-beee-628bebc40dcb", "puzzle": 1, "type": "open_puzzle", "info": "", "created": "2020-06-02T09:36:07.972Z"}}, {"model": "treasure_hunt.logevent", "pk": 162, "fields": {"place": "e004477c-646d-4777-beee-628bebc40dcb", "puzzle": 1, "type": "open_puzzle", "info": "", "created": "2020-06-02T09:36:21.585Z"}}, {"model": "treasure_hunt.logevent", "pk": 163, "fields": {"place": "e004477c-646d-4777-beee-628bebc40dcb", "puzzle": 1, "type": "info_click", "info": "1", "created": "2020-06-02T09:36:30.180Z"}}, {"model": "treasure_hunt.logevent", "pk": 164, "fields": {"place": "e004477c-646d-4777-beee-628bebc40dcb", "puzzle": 1, "type": "info_click", "info": "2", "created": "2020-06-02T09:38:10.441Z"}}, {"model": "treasure_hunt.logevent", "pk": 165, "fields": {"place": "e004477c-646d-4777-beee-628bebc40dcb", "puzzle": 1, "type": "info_click", "info": "3", "created": "2020-06-02T09:39:45.980Z"}}, {"model": "treasure_hunt.logevent", "pk": 166, "fields": {"place": "e004477c-646d-4777-beee-628bebc40dcb", "puzzle": 1, "type": "open_puzzle", "info": "", "created": "2020-06-02T09:44:03.697Z"}}, {"model": "treasure_hunt.logevent", "pk": 167, "fields": {"place": "e004477c-646d-4777-beee-628bebc40dcb", "puzzle": 1, "type": "info_click", "info": "3", "created": "2020-06-02T09:44:05.214Z"}}, {"model": "treasure_hunt.logevent", "pk": 168, "fields": {"place": "e004477c-646d-4777-beee-628bebc40dcb", "puzzle": 1, "type": "info_click", "info": "4", "created": "2020-06-02T09:44:10.963Z"}}, {"model": "treasure_hunt.logevent", "pk": 169, "fields": {"place": "e004477c-646d-4777-beee-628bebc40dcb", "puzzle": 1, "type": "open_puzzle", "info": "", "created": "2020-06-02T09:44:57.680Z"}}, {"model": "treasure_hunt.logevent", "pk": 170, "fields": {"place": "e004477c-646d-4777-beee-628bebc40dcb", "puzzle": 1, "type": "info_click", "info": "4", "created": "2020-06-02T09:45:04.259Z"}}, {"model": "treasure_hunt.logevent", "pk": 171, "fields": {"place": "e004477c-646d-4777-beee-628bebc40dcb", "puzzle": 1, "type": "open_puzzle", "info": "", "created": "2020-06-02T09:47:17.179Z"}}, {"model": "treasure_hunt.logevent", "pk": 172, "fields": {"place": "e004477c-646d-4777-beee-628bebc40dcb", "puzzle": 1, "type": "info_click", "info": "4", "created": "2020-06-02T09:47:18.705Z"}}, {"model": "treasure_hunt.logevent", "pk": 173, "fields": {"place": "e004477c-646d-4777-beee-628bebc40dcb", "puzzle": 1, "type": "info_click", "info": "4", "created": "2020-06-02T09:47:26.907Z"}}, {"model": "treasure_hunt.logevent", "pk": 174, "fields": {"place": "e004477c-646d-4777-beee-628bebc40dcb", "puzzle": 4, "type": "open_puzzle", "info": "", "created": "2020-06-03T09:15:31.658Z"}}, {"model": "treasure_hunt.logevent", "pk": 175, "fields": {"place": "e004477c-646d-4777-beee-628bebc40dcb", "puzzle": 4, "type": "info_click", "info": "1", "created": "2020-06-03T09:15:49.611Z"}}, {"model": "treasure_hunt.logevent", "pk": 176, "fields": {"place": "e004477c-646d-4777-beee-628bebc40dcb", "puzzle": 4, "type": "info_click", "info": "2", "created": "2020-06-03T09:18:01.990Z"}}, {"model": "treasure_hunt.logevent", "pk": 177, "fields": {"place": "e004477c-646d-4777-beee-628bebc40dcb", "puzzle": 4, "type": "open_puzzle", "info": "", "created": "2020-06-03T09:19:11.867Z"}}, {"model": "treasure_hunt.logevent", "pk": 178, "fields": {"place": "e004477c-646d-4777-beee-628bebc40dcb", "puzzle": 4, "type": "info_click", "info": "2", "created": "2020-06-03T09:19:14.106Z"}}, {"model": "treasure_hunt.logevent", "pk": 179, "fields": {"place": "e004477c-646d-4777-beee-628bebc40dcb", "puzzle": 4, "type": "info_click", "info": "3", "created": "2020-06-03T09:21:46.103Z"}}, {"model": "treasure_hunt.logevent", "pk": 180, "fields": {"place": "e004477c-646d-4777-beee-628bebc40dcb", "puzzle": 4, "type": "info_click", "info": "4", "created": "2020-06-03T09:22:16.113Z"}}, {"model": "treasure_hunt.logevent", "pk": 181, "fields": {"place": "e004477c-646d-4777-beee-628bebc40dcb", "puzzle": 4, "type": "open_puzzle", "info": "", "created": "2020-06-03T09:23:18.375Z"}}, {"model": "treasure_hunt.logevent", "pk": 182, "fields": {"place": "e004477c-646d-4777-beee-628bebc40dcb", "puzzle": 4, "type": "info_click", "info": "4", "created": "2020-06-03T09:23:19.777Z"}}, {"model": "treasure_hunt.logevent", "pk": 183, "fields": {"place": "e004477c-646d-4777-beee-628bebc40dcb", "puzzle": 4, "type": "open_puzzle", "info": "", "created": "2020-06-03T09:25:00.060Z"}}, {"model": "treasure_hunt.logevent", "pk": 184, "fields": {"place": "e004477c-646d-4777-beee-628bebc40dcb", "puzzle": 4, "type": "info_click", "info": "4", "created": "2020-06-03T09:25:02.194Z"}}, {"model": "treasure_hunt.logevent", "pk": 185, "fields": {"place": "e004477c-646d-4777-beee-628bebc40dcb", "puzzle": 1, "type": "open_puzzle", "info": "", "created": "2020-06-03T09:25:11.127Z"}}, {"model": "treasure_hunt.logevent", "pk": 186, "fields": {"place": "e004477c-646d-4777-beee-628bebc40dcb", "puzzle": 1, "type": "open_puzzle", "info": "", "created": "2020-06-03T09:46:27.339Z"}}, {"model": "treasure_hunt.logevent", "pk": 187, "fields": {"place": null, "puzzle": null, "type": "error", "info": "puzzle", "created": "2020-06-03T09:46:40.793Z"}}, {"model": "treasure_hunt.logevent", "pk": 188, "fields": {"place": null, "puzzle": null, "type": "error", "info": "puzzle", "created": "2020-06-03T09:46:51.081Z"}}, {"model": "treasure_hunt.logevent", "pk": 189, "fields": {"place": "e004477c-646d-4777-beee-628bebc40dcb", "puzzle": null, "type": "first_page", "info": "", "created": "2020-06-03T09:46:57.798Z"}}, {"model": "treasure_hunt.logevent", "pk": 190, "fields": {"place": "e004477c-646d-4777-beee-628bebc40dcb", "puzzle": 3, "type": "open_puzzle", "info": "", "created": "2020-06-03T09:47:02.646Z"}}, {"model": "treasure_hunt.logevent", "pk": 191, "fields": {"place": "e004477c-646d-4777-beee-628bebc40dcb", "puzzle": 3, "type": "open_puzzle", "info": "", "created": "2020-06-03T09:47:14.496Z"}}, {"model": "treasure_hunt.logevent", "pk": 192, "fields": {"place": "e004477c-646d-4777-beee-628bebc40dcb", "puzzle": 3, "type": "info_click", "info": "1", "created": "2020-06-03T09:47:19.587Z"}}, {"model": "treasure_hunt.logevent", "pk": 193, "fields": {"place": "e004477c-646d-4777-beee-628bebc40dcb", "puzzle": 3, "type": "open_puzzle", "info": "", "created": "2020-06-03T09:48:07.646Z"}}, {"model": "treasure_hunt.logevent", "pk": 194, "fields": {"place": "e004477c-646d-4777-beee-628bebc40dcb", "puzzle": 3, "type": "info_click", "info": "1", "created": "2020-06-03T09:48:09.778Z"}}, {"model": "treasure_hunt.logevent", "pk": 195, "fields": {"place": "e004477c-646d-4777-beee-628bebc40dcb", "puzzle": 3, "type": "info_click", "info": "2", "created": "2020-06-03T09:48:44.050Z"}}, {"model": "treasure_hunt.logevent", "pk": 196, "fields": {"place": "e004477c-646d-4777-beee-628bebc40dcb", "puzzle": 3, "type": "open_puzzle", "info": "", "created": "2020-06-03T09:49:26.694Z"}}, {"model": "treasure_hunt.logevent", "pk": 197, "fields": {"place": "e004477c-646d-4777-beee-628bebc40dcb", "puzzle": 3, "type": "info_click", "info": "2", "created": "2020-06-03T09:49:29.698Z"}}, {"model": "treasure_hunt.logevent", "pk": 198, "fields": {"place": "e004477c-646d-4777-beee-628bebc40dcb", "puzzle": 3, "type": "info_click", "info": "3", "created": "2020-06-03T09:52:07.835Z"}}, {"model": "treasure_hunt.logevent", "pk": 199, "fields": {"place": "e004477c-646d-4777-beee-628bebc40dcb", "puzzle": 3, "type": "open_puzzle", "info": "", "created": "2020-06-03T09:52:50.505Z"}}, {"model": "treasure_hunt.logevent", "pk": 200, "fields": {"place": "e004477c-646d-4777-beee-628bebc40dcb", "puzzle": 3, "type": "info_click", "info": "3", "created": "2020-06-03T09:52:57.030Z"}}, {"model": "treasure_hunt.logevent", "pk": 201, "fields": {"place": "e004477c-646d-4777-beee-628bebc40dcb", "puzzle": 3, "type": "info_click", "info": "4", "created": "2020-06-03T09:54:39.290Z"}}, {"model": "treasure_hunt.logevent", "pk": 202, "fields": {"place": "e004477c-646d-4777-beee-628bebc40dcb", "puzzle": 3, "type": "info_click", "info": "5", "created": "2020-06-03T09:55:26.272Z"}}, {"model": "treasure_hunt.logevent", "pk": 203, "fields": {"place": "e004477c-646d-4777-beee-628bebc40dcb", "puzzle": 3, "type": "info_click", "info": "6", "created": "2020-06-03T09:56:09.683Z"}}, {"model": "treasure_hunt.logevent", "pk": 204, "fields": {"place": "e004477c-646d-4777-beee-628bebc40dcb", "puzzle": 3, "type": "open_puzzle", "info": "", "created": "2020-06-03T09:56:31.704Z"}}, {"model": "treasure_hunt.logevent", "pk": 205, "fields": {"place": "e004477c-646d-4777-beee-628bebc40dcb", "puzzle": 3, "type": "info_click", "info": "6", "created": "2020-06-03T09:56:33.853Z"}}, {"model": "treasure_hunt.logevent", "pk": 206, "fields": {"place": "e004477c-646d-4777-beee-628bebc40dcb", "puzzle": 3, "type": "info_click", "info": "7", "created": "2020-06-03T09:57:24.729Z"}}, {"model": "treasure_hunt.logevent", "pk": 207, "fields": {"place": "e004477c-646d-4777-beee-628bebc40dcb", "puzzle": 3, "type": "info_click", "info": "8", "created": "2020-06-03T09:58:35.939Z"}}, {"model": "treasure_hunt.logevent", "pk": 208, "fields": {"place": "e004477c-646d-4777-beee-628bebc40dcb", "puzzle": 3, "type": "open_puzzle", "info": "", "created": "2020-06-03T11:49:37.704Z"}}, {"model": "treasure_hunt.logevent", "pk": 209, "fields": {"place": "e004477c-646d-4777-beee-628bebc40dcb", "puzzle": null, "type": "first_page", "info": "", "created": "2020-06-03T12:02:34.017Z"}}, {"model": "treasure_hunt.logevent", "pk": 210, "fields": {"place": "e004477c-646d-4777-beee-628bebc40dcb", "puzzle": null, "type": "first_page", "info": "", "created": "2020-06-03T12:02:39.915Z"}}, {"model": "treasure_hunt.logevent", "pk": 211, "fields": {"place": "e004477c-646d-4777-beee-628bebc40dcb", "puzzle": null, "type": "first_page", "info": "", "created": "2020-06-03T12:02:42.144Z"}}, {"model": "treasure_hunt.logevent", "pk": 212, "fields": {"place": "e004477c-646d-4777-beee-628bebc40dcb", "puzzle": null, "type": "first_page", "info": "", "created": "2020-06-03T12:03:15.569Z"}}, {"model": "treasure_hunt.logevent", "pk": 213, "fields": {"place": "e004477c-646d-4777-beee-628bebc40dcb", "puzzle": 4, "type": "open_puzzle", "info": "", "created": "2020-06-03T12:06:39.435Z"}}, {"model": "treasure_hunt.logevent", "pk": 214, "fields": {"place": "e004477c-646d-4777-beee-628bebc40dcb", "puzzle": 4, "type": "info_click", "info": "3", "created": "2020-06-03T12:06:44.763Z"}}, {"model": "treasure_hunt.logevent", "pk": 215, "fields": {"place": "e004477c-646d-4777-beee-628bebc40dcb", "puzzle": 4, "type": "open_puzzle", "info": "", "created": "2020-06-03T12:12:20.022Z"}}, {"model": "treasure_hunt.logevent", "pk": 216, "fields": {"place": null, "puzzle": null, "type": "error", "info": "puzzle", "created": "2020-06-03T12:12:43.585Z"}}, {"model": "treasure_hunt.logevent", "pk": 217, "fields": {"place": "e004477c-646d-4777-beee-628bebc40dcb", "puzzle": null, "type": "first_page", "info": "", "created": "2020-06-03T12:14:11.022Z"}}, {"model": "treasure_hunt.logevent", "pk": 218, "fields": {"place": "e004477c-646d-4777-beee-628bebc40dcb", "puzzle": null, "type": "first_page", "info": "", "created": "2020-06-03T12:14:18.011Z"}}, {"model": "treasure_hunt.logevent", "pk": 219, "fields": {"place": "e004477c-646d-4777-beee-628bebc40dcb", "puzzle": 4, "type": "open_puzzle", "info": "", "created": "2020-06-03T12:14:29.812Z"}}, {"model": "treasure_hunt.logevent", "pk": 220, "fields": {"place": "e004477c-646d-4777-beee-628bebc40dcb", "puzzle": 4, "type": "hint_click", "info": "1", "created": "2020-06-03T12:14:43.049Z"}}, {"model": "treasure_hunt.logevent", "pk": 221, "fields": {"place": "e004477c-646d-4777-beee-628bebc40dcb", "puzzle": 4, "type": "answer true", "info": "Louis vuitton", "created": "2020-06-03T12:14:46.638Z"}}, {"model": "treasure_hunt.logevent", "pk": 222, "fields": {"place": "e004477c-646d-4777-beee-628bebc40dcb", "puzzle": 1, "type": "open_puzzle", "info": "", "created": "2020-06-03T12:14:48.806Z"}}, {"model": "treasure_hunt.logevent", "pk": 223, "fields": {"place": "e004477c-646d-4777-beee-628bebc40dcb", "puzzle": 1, "type": "info_click", "info": "1", "created": "2020-06-03T12:14:54.731Z"}}, {"model": "treasure_hunt.logevent", "pk": 224, "fields": {"place": "e004477c-646d-4777-beee-628bebc40dcb", "puzzle": 1, "type": "answer false", "info": "N E", "created": "2020-06-03T12:15:15.096Z"}}, {"model": "treasure_hunt.logevent", "pk": 225, "fields": {"place": "e004477c-646d-4777-beee-628bebc40dcb", "puzzle": 1, "type": "answer true", "info": "N E C", "created": "2020-06-03T12:15:17.757Z"}}, {"model": "treasure_hunt.logevent", "pk": 226, "fields": {"place": "e004477c-646d-4777-beee-628bebc40dcb", "puzzle": 1, "type": "hint_click", "info": "1", "created": "2020-06-03T12:15:20.642Z"}}, {"model": "treasure_hunt.logevent", "pk": 227, "fields": {"place": "e004477c-646d-4777-beee-628bebc40dcb", "puzzle": 1, "type": "hint_click", "info": "2", "created": "2020-06-03T12:15:22.879Z"}}, {"model": "treasure_hunt.logevent", "pk": 228, "fields": {"place": "e004477c-646d-4777-beee-628bebc40dcb", "puzzle": 3, "type": "open_puzzle", "info": "", "created": "2020-06-03T12:15:24.475Z"}}, {"model": "treasure_hunt.logevent", "pk": 229, "fields": {"place": "e004477c-646d-4777-beee-628bebc40dcb", "puzzle": 3, "type": "answer false", "info": "21345687", "created": "2020-06-03T12:15:37.183Z"}}, {"model": "treasure_hunt.logevent", "pk": 230, "fields": {"place": "e004477c-646d-4777-beee-628bebc40dcb", "puzzle": 1, "type": "open_puzzle", "info": "", "created": "2020-06-03T12:15:41.994Z"}}, {"model": "treasure_hunt.logevent", "pk": 231, "fields": {"place": "e004477c-646d-4777-beee-628bebc40dcb", "puzzle": 2, "type": "send_mail", "info": "", "created": "2020-06-04T13:20:12.310Z"}}, {"model": "treasure_hunt.logevent", "pk": 232, "fields": {"place": null, "puzzle": null, "type": "error", "info": "puzzle", "created": "2020-06-04T13:21:06.127Z"}}, {"model": "treasure_hunt.logevent", "pk": 233, "fields": {"place": "e004477c-646d-4777-beee-628bebc40dcb", "puzzle": 2, "type": "send_mail", "info": "", "created": "2020-06-04T13:31:56.088Z"}}, {"model": "treasure_hunt.logevent", "pk": 234, "fields": {"place": null, "puzzle": null, "type": "error", "info": "puzzle", "created": "2020-06-04T13:31:58.698Z"}}, {"model": "treasure_hunt.logevent", "pk": 235, "fields": {"place": "e004477c-646d-4777-beee-628bebc40dcb", "puzzle": 2, "type": "send_mail", "info": "", "created": "2020-06-04T13:33:23.757Z"}}, {"model": "treasure_hunt.logevent", "pk": 236, "fields": {"place": null, "puzzle": null, "type": "error", "info": "puzzle", "created": "2020-06-04T13:33:26.690Z"}}, {"model": "treasure_hunt.logevent", "pk": 237, "fields": {"place": "e004477c-646d-4777-beee-628bebc40dcb", "puzzle": 2, "type": "send_mail", "info": "", "created": "2020-06-04T13:34:52.873Z"}}, {"model": "treasure_hunt.logevent", "pk": 238, "fields": {"place": null, "puzzle": null, "type": "error", "info": "puzzle", "created": "2020-06-04T13:34:55.193Z"}}, {"model": "treasure_hunt.logevent", "pk": 239, "fields": {"place": "e004477c-646d-4777-beee-628bebc40dcb", "puzzle": 1, "type": "open_puzzle", "info": "", "created": "2020-06-04T13:41:49.449Z"}}, {"model": "treasure_hunt.logevent", "pk": 240, "fields": {"place": "e004477c-646d-4777-beee-628bebc40dcb", "puzzle": 2, "type": "send_mail", "info": "", "created": "2020-06-04T13:44:58.789Z"}}, {"model": "treasure_hunt.logevent", "pk": 241, "fields": {"place": null, "puzzle": null, "type": "error", "info": "puzzle", "created": "2020-06-04T13:45:01.043Z"}}, {"model": "treasure_hunt.logevent", "pk": 242, "fields": {"place": "e004477c-646d-4777-beee-628bebc40dcb", "puzzle": null, "type": "first_page", "info": "", "created": "2020-06-05T09:42:02.661Z"}}, {"model": "treasure_hunt.logevent", "pk": 243, "fields": {"place": null, "puzzle": null, "type": "error", "info": "puzzle", "created": "2020-06-05T09:50:03.247Z"}}, {"model": "treasure_hunt.logevent", "pk": 244, "fields": {"place": "e004477c-646d-4777-beee-628bebc40dcb", "puzzle": 2, "type": "debug 1", "info": "3 3", "created": "2020-06-05T09:51:33.103Z"}}, {"model": "treasure_hunt.logevent", "pk": 245, "fields": {"place": "e004477c-646d-4777-beee-628bebc40dcb", "puzzle": 2, "type": "send_mail", "info": "", "created": "2020-06-05T09:51:33.146Z"}}, {"model": "treasure_hunt.logevent", "pk": 246, "fields": {"place": null, "puzzle": null, "type": "error", "info": "puzzle", "created": "2020-06-05T09:51:38.228Z"}}, {"model": "treasure_hunt.logevent", "pk": 247, "fields": {"place": "e004477c-646d-4777-beee-628bebc40dcb", "puzzle": 2, "type": "debug 1", "info": "3 3", "created": "2020-06-05T09:52:10.183Z"}}, {"model": "treasure_hunt.logevent", "pk": 248, "fields": {"place": "e004477c-646d-4777-beee-628bebc40dcb", "puzzle": 2, "type": "send_mail", "info": "", "created": "2020-06-05T09:52:10.217Z"}}, {"model": "treasure_hunt.logevent", "pk": 249, "fields": {"place": null, "puzzle": null, "type": "error", "info": "puzzle", "created": "2020-06-05T09:52:12.637Z"}}, {"model": "treasure_hunt.logevent", "pk": 250, "fields": {"place": "e004477c-646d-4777-beee-628bebc40dcb", "puzzle": 2, "type": "debug 1", "info": "3 3", "created": "2020-06-05T09:53:08.673Z"}}, {"model": "treasure_hunt.logevent", "pk": 251, "fields": {"place": "e004477c-646d-4777-beee-628bebc40dcb", "puzzle": 2, "type": "send_mail", "info": "", "created": "2020-06-05T09:53:08.754Z"}}, {"model": "treasure_hunt.logevent", "pk": 252, "fields": {"place": null, "puzzle": null, "type": "error", "info": "[Errno 111] Connection refused", "created": "2020-06-05T09:53:10.578Z"}}, {"model": "treasure_hunt.logevent", "pk": 253, "fields": {"place": "e004477c-646d-4777-beee-628bebc40dcb", "puzzle": 2, "type": "debug 1", "info": "2020-06-05 10:00:05.077893+00:00 LogEvent object (159)", "created": "2020-06-05T10:00:05.082Z"}}, {"model": "treasure_hunt.logevent", "pk": 254, "fields": {"place": "e004477c-646d-4777-beee-628bebc40dcb", "puzzle": 2, "type": "send_mail", "info": "", "created": "2020-06-05T10:00:05.100Z"}}, {"model": "treasure_hunt.logevent", "pk": 255, "fields": {"place": null, "puzzle": null, "type": "error", "info": "[Errno 111] Connection refused", "created": "2020-06-05T10:00:13.628Z"}}, {"model": "treasure_hunt.logevent", "pk": 256, "fields": {"place": "e004477c-646d-4777-beee-628bebc40dcb", "puzzle": 2, "type": "debug 1", "info": "2020-06-05 10:01:45.770989+00:00 2020-05-20 15:47:14.877073+00:00", "created": "2020-06-05T10:01:45.782Z"}}, {"model": "treasure_hunt.logevent", "pk": 257, "fields": {"place": "e004477c-646d-4777-beee-628bebc40dcb", "puzzle": 2, "type": "send_mail", "info": "", "created": "2020-06-05T10:01:45.809Z"}}, {"model": "treasure_hunt.logevent", "pk": 258, "fields": {"place": null, "puzzle": null, "type": "error", "info": "[Errno 111] Connection refused", "created": "2020-06-05T10:01:51.849Z"}}, {"model": "treasure_hunt.logevent", "pk": 259, "fields": {"place": "e004477c-646d-4777-beee-628bebc40dcb", "puzzle": 2, "type": "open_solution", "info": "", "created": "2020-06-05T10:14:34.583Z"}}, {"model": "treasure_hunt.logevent", "pk": 260, "fields": {"place": "e004477c-646d-4777-beee-628bebc40dcb", "puzzle": null, "type": "first_page", "info": "", "created": "2020-06-08T12:31:42.307Z"}}, {"model": "treasure_hunt.logevent", "pk": 261, "fields": {"place": "e004477c-646d-4777-beee-628bebc40dcb", "puzzle": 1, "type": "open_puzzle", "info": "", "created": "2020-06-08T12:34:57.534Z"}}, {"model": "treasure_hunt.logevent", "pk": 262, "fields": {"place": "e004477c-646d-4777-beee-628bebc40dcb", "puzzle": 2, "type": "open_solution", "info": "", "created": "2020-06-08T12:42:34.638Z"}}, {"model": "treasure_hunt.logevent", "pk": 263, "fields": {"place": "e004477c-646d-4777-beee-628bebc40dcb", "puzzle": 1, "type": "open_puzzle", "info": "", "created": "2020-06-08T12:42:59.524Z"}}, {"model": "treasure_hunt.logevent", "pk": 264, "fields": {"place": "e004477c-646d-4777-beee-628bebc40dcb", "puzzle": 1, "type": "open_puzzle", "info": "", "created": "2020-06-08T12:43:03.241Z"}}, {"model": "treasure_hunt.logevent", "pk": 265, "fields": {"place": "e004477c-646d-4777-beee-628bebc40dcb", "puzzle": null, "type": "first_page", "info": "", "created": "2020-06-08T12:48:43.921Z"}}, {"model": "treasure_hunt.logevent", "pk": 266, "fields": {"place": "e004477c-646d-4777-beee-628bebc40dcb", "puzzle": 1, "type": "open_puzzle", "info": "", "created": "2020-06-08T12:48:47.082Z"}}, {"model": "treasure_hunt.logevent", "pk": 267, "fields": {"place": "e004477c-646d-4777-beee-628bebc40dcb", "puzzle": 1, "type": "open_puzzle", "info": "", "created": "2020-06-08T12:49:47.260Z"}}, {"model": "treasure_hunt.logevent", "pk": 268, "fields": {"place": "e004477c-646d-4777-beee-628bebc40dcb", "puzzle": 1, "type": "open_puzzle", "info": "", "created": "2020-06-08T12:49:51.561Z"}}, {"model": "treasure_hunt.logevent", "pk": 269, "fields": {"place": "e004477c-646d-4777-beee-628bebc40dcb", "puzzle": null, "type": "first_page", "info": "", "created": "2020-06-08T12:50:26.144Z"}}, {"model": "treasure_hunt.logevent", "pk": 270, "fields": {"place": "e004477c-646d-4777-beee-628bebc40dcb", "puzzle": null, "type": "first_page", "info": "", "created": "2020-06-08T12:50:33.891Z"}}, {"model": "treasure_hunt.logevent", "pk": 271, "fields": {"place": "e004477c-646d-4777-beee-628bebc40dcb", "puzzle": null, "type": "first_page", "info": "", "created": "2020-06-09T09:01:24.176Z"}}, {"model": "treasure_hunt.logevent", "pk": 272, "fields": {"place": "e004477c-646d-4777-beee-628bebc40dcb", "puzzle": 2, "type": "open_solution", "info": "", "created": "2020-06-10T11:30:25.069Z"}}, {"model": "treasure_hunt.logevent", "pk": 273, "fields": {"place": "e004477c-646d-4777-beee-628bebc40dcb", "puzzle": null, "type": "first_page", "info": "", "created": "2020-06-10T13:20:05.395Z"}}, {"model": "treasure_hunt.logevent", "pk": 274, "fields": {"place": "e004477c-646d-4777-beee-628bebc40dcb", "puzzle": 4, "type": "open_puzzle", "info": "", "created": "2020-06-10T13:20:09.459Z"}}, {"model": "treasure_hunt.logevent", "pk": 275, "fields": {"place": "e004477c-646d-4777-beee-628bebc40dcb", "puzzle": null, "type": "first_page", "info": "", "created": "2020-06-10T14:34:42.006Z"}}, {"model": "treasure_hunt.logevent", "pk": 276, "fields": {"place": "e004477c-646d-4777-beee-628bebc40dcb", "puzzle": null, "type": "first_page", "info": "", "created": "2020-06-16T08:07:03.704Z"}}, {"model": "treasure_hunt.logevent", "pk": 277, "fields": {"place": "e004477c-646d-4777-beee-628bebc40dcb", "puzzle": 4, "type": "open_puzzle", "info": "", "created": "2020-06-16T08:11:38.992Z"}}, {"model": "treasure_hunt.logevent", "pk": 278, "fields": {"place": "e004477c-646d-4777-beee-628bebc40dcb", "puzzle": 2, "type": "open_solution", "info": "", "created": "2020-06-16T08:12:13.515Z"}}, {"model": "treasure_hunt.logevent", "pk": 279, "fields": {"place": "e004477c-646d-4777-beee-628bebc40dcb", "puzzle": 3, "type": "open_puzzle", "info": "", "created": "2020-06-16T08:12:15.661Z"}}, {"model": "treasure_hunt.logevent", "pk": 280, "fields": {"place": "e004477c-646d-4777-beee-628bebc40dcb", "puzzle": 1, "type": "open_puzzle", "info": "", "created": "2020-06-16T08:12:29.092Z"}}, {"model": "treasure_hunt.logevent", "pk": 281, "fields": {"place": "e004477c-646d-4777-beee-628bebc40dcb", "puzzle": 1, "type": "answer false", "info": "N  E C", "created": "2020-06-16T08:15:38.468Z"}}, {"model": "treasure_hunt.logevent", "pk": 282, "fields": {"place": "e004477c-646d-4777-beee-628bebc40dcb", "puzzle": 1, "type": "open_puzzle", "info": "", "created": "2020-06-16T08:19:40.947Z"}}, {"model": "treasure_hunt.logevent", "pk": 283, "fields": {"place": "e004477c-646d-4777-beee-628bebc40dcb", "puzzle": 1, "type": "answer false", "info": "NEC", "created": "2020-06-16T08:20:21.378Z"}}, {"model": "treasure_hunt.logevent", "pk": 284, "fields": {"place": "e004477c-646d-4777-beee-628bebc40dcb", "puzzle": 1, "type": "answer false", "info": "NEC", "created": "2020-06-16T08:21:48.200Z"}}, {"model": "treasure_hunt.logevent", "pk": 285, "fields": {"place": "e004477c-646d-4777-beee-628bebc40dcb", "puzzle": 1, "type": "answer true", "info": "NEC", "created": "2020-06-16T08:25:58.890Z"}}, {"model": "treasure_hunt.logevent", "pk": 286, "fields": {"place": "e004477c-646d-4777-beee-628bebc40dcb", "puzzle": 1, "type": "open_puzzle", "info": "", "created": "2020-06-16T08:40:53.793Z"}}, {"model": "treasure_hunt.logevent", "pk": 287, "fields": {"place": "e004477c-646d-4777-beee-628bebc40dcb", "puzzle": 1, "type": "hint_click", "info": "1", "created": "2020-06-16T08:41:50.337Z"}}, {"model": "treasure_hunt.logevent", "pk": 288, "fields": {"place": "e004477c-646d-4777-beee-628bebc40dcb", "puzzle": 1, "type": "answer false", "info": "", "created": "2020-06-16T08:42:23.316Z"}}, {"model": "treasure_hunt.logevent", "pk": 289, "fields": {"place": "e004477c-646d-4777-beee-628bebc40dcb", "puzzle": 1, "type": "open_puzzle", "info": "", "created": "2020-06-16T08:42:28.010Z"}}, {"model": "treasure_hunt.logevent", "pk": 290, "fields": {"place": "e004477c-646d-4777-beee-628bebc40dcb", "puzzle": 1, "type": "open_puzzle", "info": "", "created": "2020-06-16T08:43:57.387Z"}}, {"model": "treasure_hunt.logevent", "pk": 291, "fields": {"place": "e004477c-646d-4777-beee-628bebc40dcb", "puzzle": 1, "type": "open_puzzle", "info": "", "created": "2020-06-16T08:44:09.233Z"}}, {"model": "treasure_hunt.logevent", "pk": 292, "fields": {"place": "e004477c-646d-4777-beee-628bebc40dcb", "puzzle": 1, "type": "open_puzzle", "info": "", "created": "2020-06-16T08:44:41.336Z"}}, {"model": "treasure_hunt.logevent", "pk": 293, "fields": {"place": "e004477c-646d-4777-beee-628bebc40dcb", "puzzle": 1, "type": "answer false", "info": "", "created": "2020-06-16T08:44:45.453Z"}}, {"model": "treasure_hunt.logevent", "pk": 294, "fields": {"place": "e004477c-646d-4777-beee-628bebc40dcb", "puzzle": 1, "type": "open_puzzle", "info": "", "created": "2020-06-16T08:50:23.510Z"}}, {"model": "treasure_hunt.logevent", "pk": 295, "fields": {"place": "e004477c-646d-4777-beee-628bebc40dcb", "puzzle": 1, "type": "open_puzzle", "info": "", "created": "2020-06-16T08:50:30.198Z"}}, {"model": "treasure_hunt.logevent", "pk": 296, "fields": {"place": "e004477c-646d-4777-beee-628bebc40dcb", "puzzle": null, "type": "first_page", "info": "", "created": "2020-06-19T08:41:51.378Z"}}, {"model": "treasure_hunt.logevent", "pk": 297, "fields": {"place": "e004477c-646d-4777-beee-628bebc40dcb", "puzzle": null, "type": "first_page", "info": "", "created": "2020-06-19T08:43:16.327Z"}}, {"model": "treasure_hunt.logevent", "pk": 298, "fields": {"place": "e004477c-646d-4777-beee-628bebc40dcb", "puzzle": null, "type": "first_page", "info": "", "created": "2020-06-19T08:43:18.833Z"}}, {"model": "treasure_hunt.logevent", "pk": 299, "fields": {"place": "e004477c-646d-4777-beee-628bebc40dcb", "puzzle": null, "type": "first_page", "info": "", "created": "2020-06-19T08:43:22.214Z"}}, {"model": "treasure_hunt.logevent", "pk": 300, "fields": {"place": "e004477c-646d-4777-beee-628bebc40dcb", "puzzle": null, "type": "first_page", "info": "", "created": "2020-06-19T08:43:33.241Z"}}, {"model": "treasure_hunt.logevent", "pk": 301, "fields": {"place": "e004477c-646d-4777-beee-628bebc40dcb", "puzzle": null, "type": "first_page", "info": "", "created": "2020-06-19T08:44:18.076Z"}}, {"model": "treasure_hunt.logevent", "pk": 302, "fields": {"place": "e004477c-646d-4777-beee-628bebc40dcb", "puzzle": null, "type": "first_page", "info": "", "created": "2020-06-19T08:44:37.513Z"}}, {"model": "treasure_hunt.logevent", "pk": 303, "fields": {"place": "e004477c-646d-4777-beee-628bebc40dcb", "puzzle": null, "type": "first_page", "info": "", "created": "2020-06-19T08:46:06.800Z"}}, {"model": "treasure_hunt.logevent", "pk": 304, "fields": {"place": "e004477c-646d-4777-beee-628bebc40dcb", "puzzle": null, "type": "first_page", "info": "", "created": "2020-06-19T08:46:22.948Z"}}, {"model": "treasure_hunt.logevent", "pk": 305, "fields": {"place": "e004477c-646d-4777-beee-628bebc40dcb", "puzzle": null, "type": "first_page", "info": "", "created": "2020-06-19T08:48:39.671Z"}}, {"model": "treasure_hunt.logevent", "pk": 306, "fields": {"place": "e004477c-646d-4777-beee-628bebc40dcb", "puzzle": 4, "type": "open_puzzle", "info": "", "created": "2020-06-19T08:49:57.772Z"}}, {"model": "treasure_hunt.logevent", "pk": 307, "fields": {"place": "e004477c-646d-4777-beee-628bebc40dcb", "puzzle": 4, "type": "open_puzzle", "info": "", "created": "2020-06-19T08:50:20.681Z"}}, {"model": "treasure_hunt.logevent", "pk": 308, "fields": {"place": "e004477c-646d-4777-beee-628bebc40dcb", "puzzle": 4, "type": "open_puzzle", "info": "", "created": "2020-06-19T08:50:37.686Z"}}, {"model": "treasure_hunt.logevent", "pk": 309, "fields": {"place": "e004477c-646d-4777-beee-628bebc40dcb", "puzzle": 1, "type": "open_puzzle", "info": "", "created": "2020-06-19T08:50:49.723Z"}}, {"model": "treasure_hunt.logevent", "pk": 310, "fields": {"place": "e004477c-646d-4777-beee-628bebc40dcb", "puzzle": 3, "type": "open_puzzle", "info": "", "created": "2020-06-19T08:50:59.649Z"}}, {"model": "treasure_hunt.logevent", "pk": 311, "fields": {"place": "e004477c-646d-4777-beee-628bebc40dcb", "puzzle": 2, "type": "open_solution", "info": "", "created": "2020-06-19T08:51:04.942Z"}}, {"model": "treasure_hunt.logevent", "pk": 312, "fields": {"place": "e004477c-646d-4777-beee-628bebc40dcb", "puzzle": 2, "type": "open_solution", "info": "", "created": "2020-06-19T08:51:18.036Z"}}, {"model": "treasure_hunt.logevent", "pk": 313, "fields": {"place": "e004477c-646d-4777-beee-628bebc40dcb", "puzzle": 4, "type": "open_puzzle", "info": "", "created": "2020-06-19T08:51:32.518Z"}}, {"model": "treasure_hunt.logevent", "pk": 314, "fields": {"place": "e004477c-646d-4777-beee-628bebc40dcb", "puzzle": 4, "type": "open_puzzle", "info": "", "created": "2020-06-19T08:51:47.567Z"}}, {"model": "treasure_hunt.logevent", "pk": 315, "fields": {"place": "e004477c-646d-4777-beee-628bebc40dcb", "puzzle": 2, "type": "open_solution", "info": "", "created": "2020-06-19T08:52:33.181Z"}}, {"model": "treasure_hunt.logevent", "pk": 316, "fields": {"place": "e004477c-646d-4777-beee-628bebc40dcb", "puzzle": 3, "type": "open_puzzle", "info": "", "created": "2020-06-19T08:52:35.475Z"}}, {"model": "treasure_hunt.logevent", "pk": 317, "fields": {"place": "e004477c-646d-4777-beee-628bebc40dcb", "puzzle": 1, "type": "open_puzzle", "info": "", "created": "2020-06-19T08:52:39.271Z"}}, {"model": "treasure_hunt.logevent", "pk": 318, "fields": {"place": "e004477c-646d-4777-beee-628bebc40dcb", "puzzle": 4, "type": "open_puzzle", "info": "", "created": "2020-06-19T08:52:41.221Z"}}, {"model": "treasure_hunt.logevent", "pk": 319, "fields": {"place": "e004477c-646d-4777-beee-628bebc40dcb", "puzzle": null, "type": "first_page", "info": "", "created": "2020-06-23T14:47:12.667Z"}}, {"model": "treasure_hunt.logevent", "pk": 320, "fields": {"place": "e004477c-646d-4777-beee-628bebc40dcb", "puzzle": null, "type": "first_page", "info": "", "created": "2020-06-29T11:54:10.097Z"}}, {"model": "treasure_hunt.logevent", "pk": 321, "fields": {"place": "e004477c-646d-4777-beee-628bebc40dcb", "puzzle": null, "type": "first_page", "info": "", "created": "2020-06-29T12:21:00.620Z"}}, {"model": "treasure_hunt.logevent", "pk": 322, "fields": {"place": "e004477c-646d-4777-beee-628bebc40dcb", "puzzle": null, "type": "first_page", "info": "", "created": "2020-06-29T12:21:38.591Z"}}, {"model": "treasure_hunt.logevent", "pk": 323, "fields": {"place": "e004477c-646d-4777-beee-628bebc40dcb", "puzzle": null, "type": "first_page", "info": "", "created": "2020-06-29T12:21:55.436Z"}}, {"model": "treasure_hunt.logevent", "pk": 324, "fields": {"place": "e004477c-646d-4777-beee-628bebc40dcb", "puzzle": 4, "type": "open_puzzle", "info": "", "created": "2020-06-29T12:23:51.372Z"}}, {"model": "treasure_hunt.logevent", "pk": 325, "fields": {"place": "e004477c-646d-4777-beee-628bebc40dcb", "puzzle": 4, "type": "open_puzzle", "info": "", "created": "2020-06-29T12:26:38.360Z"}}, {"model": "treasure_hunt.logevent", "pk": 326, "fields": {"place": "e004477c-646d-4777-beee-628bebc40dcb", "puzzle": 4, "type": "open_puzzle", "info": "", "created": "2020-06-29T12:26:43.259Z"}}, {"model": "treasure_hunt.logevent", "pk": 327, "fields": {"place": "e004477c-646d-4777-beee-628bebc40dcb", "puzzle": 4, "type": "open_puzzle", "info": "", "created": "2020-06-29T12:27:28.041Z"}}, {"model": "treasure_hunt.logevent", "pk": 328, "fields": {"place": "e004477c-646d-4777-beee-628bebc40dcb", "puzzle": 4, "type": "open_puzzle", "info": "", "created": "2020-06-29T12:28:06.292Z"}}, {"model": "treasure_hunt.logevent", "pk": 329, "fields": {"place": "e004477c-646d-4777-beee-628bebc40dcb", "puzzle": null, "type": "first_page", "info": "", "created": "2020-06-29T12:28:21.665Z"}}, {"model": "treasure_hunt.logevent", "pk": 330, "fields": {"place": "e004477c-646d-4777-beee-628bebc40dcb", "puzzle": null, "type": "first_page", "info": "", "created": "2020-06-29T12:29:13.191Z"}}, {"model": "treasure_hunt.logevent", "pk": 331, "fields": {"place": "e004477c-646d-4777-beee-628bebc40dcb", "puzzle": 4, "type": "open_puzzle", "info": "", "created": "2020-06-29T12:29:45.927Z"}}, {"model": "treasure_hunt.logevent", "pk": 332, "fields": {"place": "e004477c-646d-4777-beee-628bebc40dcb", "puzzle": 4, "type": "open_puzzle", "info": "", "created": "2020-06-29T12:30:00.475Z"}}, {"model": "treasure_hunt.logevent", "pk": 333, "fields": {"place": "e004477c-646d-4777-beee-628bebc40dcb", "puzzle": 4, "type": "open_puzzle", "info": "", "created": "2020-06-29T12:31:48.055Z"}}, {"model": "treasure_hunt.logevent", "pk": 334, "fields": {"place": "e004477c-646d-4777-beee-628bebc40dcb", "puzzle": 4, "type": "open_puzzle", "info": "", "created": "2020-06-29T12:32:49.111Z"}}, {"model": "treasure_hunt.logevent", "pk": 335, "fields": {"place": "e004477c-646d-4777-beee-628bebc40dcb", "puzzle": 4, "type": "open_puzzle", "info": "", "created": "2020-06-29T12:34:24.452Z"}}, {"model": "treasure_hunt.logevent", "pk": 336, "fields": {"place": "e004477c-646d-4777-beee-628bebc40dcb", "puzzle": 4, "type": "open_puzzle", "info": "", "created": "2020-06-29T12:34:34.108Z"}}, {"model": "treasure_hunt.logevent", "pk": 337, "fields": {"place": "e004477c-646d-4777-beee-628bebc40dcb", "puzzle": 4, "type": "open_puzzle", "info": "", "created": "2020-06-29T12:35:16.482Z"}}, {"model": "treasure_hunt.logevent", "pk": 338, "fields": {"place": "e004477c-646d-4777-beee-628bebc40dcb", "puzzle": 4, "type": "answer false", "info": "", "created": "2020-06-29T12:35:50.132Z"}}, {"model": "treasure_hunt.logevent", "pk": 339, "fields": {"place": "e004477c-646d-4777-beee-628bebc40dcb", "puzzle": null, "type": "first_page", "info": "", "created": "2020-06-29T12:51:04.284Z"}}, {"model": "treasure_hunt.logevent", "pk": 340, "fields": {"place": "e004477c-646d-4777-beee-628bebc40dcb", "puzzle": null, "type": "first_page", "info": "", "created": "2020-06-29T12:51:40.710Z"}}, {"model": "treasure_hunt.logevent", "pk": 341, "fields": {"place": "e004477c-646d-4777-beee-628bebc40dcb", "puzzle": 4, "type": "open_puzzle", "info": "", "created": "2020-06-29T12:55:33.521Z"}}, {"model": "treasure_hunt.logevent", "pk": 342, "fields": {"place": "e004477c-646d-4777-beee-628bebc40dcb", "puzzle": 4, "type": "answer true", "info": "Louis vuitton", "created": "2020-06-29T12:57:38.036Z"}}, {"model": "treasure_hunt.logevent", "pk": 343, "fields": {"place": "e004477c-646d-4777-beee-628bebc40dcb", "puzzle": 1, "type": "open_puzzle", "info": "", "created": "2020-06-29T12:57:39.769Z"}}, {"model": "treasure_hunt.logevent", "pk": 344, "fields": {"place": "e004477c-646d-4777-beee-628bebc40dcb", "puzzle": 1, "type": "hint_click", "info": "2", "created": "2020-06-29T13:14:10.433Z"}}, {"model": "treasure_hunt.logevent", "pk": 345, "fields": {"place": "e004477c-646d-4777-beee-628bebc40dcb", "puzzle": 1, "type": "hint_click", "info": "3", "created": "2020-06-29T13:14:21.528Z"}}, {"model": "treasure_hunt.logevent", "pk": 346, "fields": {"place": "e004477c-646d-4777-beee-628bebc40dcb", "puzzle": 1, "type": "open_puzzle", "info": "", "created": "2020-06-29T13:14:28.288Z"}}, {"model": "treasure_hunt.logevent", "pk": 347, "fields": {"place": "e004477c-646d-4777-beee-628bebc40dcb", "puzzle": 2, "type": "open_solution", "info": "", "created": "2020-06-30T10:14:51.032Z"}}, {"model": "treasure_hunt.logevent", "pk": 348, "fields": {"place": "e004477c-646d-4777-beee-628bebc40dcb", "puzzle": 2, "type": "hint_click", "info": "1", "created": "2020-06-30T10:14:58.313Z"}}, {"model": "treasure_hunt.logevent", "pk": 349, "fields": {"place": "e004477c-646d-4777-beee-628bebc40dcb", "puzzle": 2, "type": "open_solution", "info": "", "created": "2020-06-30T10:15:10.063Z"}}, {"model": "treasure_hunt.logevent", "pk": 350, "fields": {"place": "e004477c-646d-4777-beee-628bebc40dcb", "puzzle": 2, "type": "hint_click", "info": "1", "created": "2020-06-30T10:15:14.086Z"}}, {"model": "treasure_hunt.logevent", "pk": 351, "fields": {"place": "e004477c-646d-4777-beee-628bebc40dcb", "puzzle": 2, "type": "hint_click", "info": "3", "created": "2020-06-30T10:15:22.904Z"}}, {"model": "treasure_hunt.logevent", "pk": 352, "fields": {"place": "e004477c-646d-4777-beee-628bebc40dcb", "puzzle": 2, "type": "open_solution", "info": "", "created": "2020-06-30T10:15:32.821Z"}}, {"model": "treasure_hunt.logevent", "pk": 353, "fields": {"place": "e004477c-646d-4777-beee-628bebc40dcb", "puzzle": 2, "type": "hint_click", "info": "3", "created": "2020-06-30T10:15:34.287Z"}}, {"model": "treasure_hunt.logevent", "pk": 354, "fields": {"place": "e004477c-646d-4777-beee-628bebc40dcb", "puzzle": 2, "type": "open_solution", "info": "", "created": "2020-06-30T10:21:02.185Z"}}, {"model": "treasure_hunt.logevent", "pk": 355, "fields": {"place": "e004477c-646d-4777-beee-628bebc40dcb", "puzzle": 2, "type": "open_solution", "info": "", "created": "2020-06-30T10:25:06.285Z"}}, {"model": "treasure_hunt.logevent", "pk": 356, "fields": {"place": "e004477c-646d-4777-beee-628bebc40dcb", "puzzle": null, "type": "first_page", "info": "", "created": "2020-06-30T14:08:22.995Z"}}, {"model": "treasure_hunt.logevent", "pk": 357, "fields": {"place": "e004477c-646d-4777-beee-628bebc40dcb", "puzzle": 4, "type": "open_puzzle", "info": "", "created": "2020-06-30T14:08:30.150Z"}}, {"model": "treasure_hunt.logevent", "pk": 358, "fields": {"place": "e004477c-646d-4777-beee-628bebc40dcb", "puzzle": 3, "type": "open_puzzle", "info": "", "created": "2020-06-30T14:08:39.339Z"}}, {"model": "treasure_hunt.logevent", "pk": 359, "fields": {"place": "e004477c-646d-4777-beee-628bebc40dcb", "puzzle": null, "type": "first_page", "info": "", "created": "2020-07-06T12:25:07.793Z"}}, {"model": "treasure_hunt.logevent", "pk": 360, "fields": {"place": "e004477c-646d-4777-beee-628bebc40dcb", "puzzle": null, "type": "first_page", "info": "", "created": "2020-07-06T12:26:14.152Z"}}, {"model": "treasure_hunt.logevent", "pk": 361, "fields": {"place": "e004477c-646d-4777-beee-628bebc40dcb", "puzzle": null, "type": "first_page", "info": "", "created": "2020-07-08T09:29:41.384Z"}}, {"model": "treasure_hunt.logevent", "pk": 362, "fields": {"place": "e004477c-646d-4777-beee-628bebc40dcb", "puzzle": null, "type": "first_page", "info": "", "created": "2020-07-08T09:29:47.273Z"}}, {"model": "treasure_hunt.logevent", "pk": 363, "fields": {"place": "e004477c-646d-4777-beee-628bebc40dcb", "puzzle": null, "type": "first_page", "info": "", "created": "2020-07-08T09:50:15.604Z"}}, {"model": "treasure_hunt.logevent", "pk": 364, "fields": {"place": "e004477c-646d-4777-beee-628bebc40dcb", "puzzle": null, "type": "first_page", "info": "", "created": "2020-07-08T09:52:29.483Z"}}, {"model": "treasure_hunt.logevent", "pk": 365, "fields": {"place": "e004477c-646d-4777-beee-628bebc40dcb", "puzzle": null, "type": "first_page", "info": "", "created": "2020-07-08T09:52:36.424Z"}}, {"model": "treasure_hunt.logevent", "pk": 366, "fields": {"place": "e004477c-646d-4777-beee-628bebc40dcb", "puzzle": null, "type": "first_page", "info": "", "created": "2020-07-08T09:53:32.928Z"}}, {"model": "treasure_hunt.logevent", "pk": 367, "fields": {"place": "e004477c-646d-4777-beee-628bebc40dcb", "puzzle": null, "type": "first_page", "info": "", "created": "2020-07-08T09:54:37.941Z"}}, {"model": "treasure_hunt.logevent", "pk": 368, "fields": {"place": "e004477c-646d-4777-beee-628bebc40dcb", "puzzle": null, "type": "first_page", "info": "", "created": "2020-07-08T09:59:01.139Z"}}, {"model": "treasure_hunt.logevent", "pk": 369, "fields": {"place": "e004477c-646d-4777-beee-628bebc40dcb", "puzzle": null, "type": "first_page", "info": "", "created": "2020-07-08T09:59:45.718Z"}}, {"model": "treasure_hunt.logevent", "pk": 370, "fields": {"place": "e004477c-646d-4777-beee-628bebc40dcb", "puzzle": null, "type": "first_page", "info": "", "created": "2020-07-08T10:00:29.682Z"}}, {"model": "treasure_hunt.logevent", "pk": 371, "fields": {"place": "e004477c-646d-4777-beee-628bebc40dcb", "puzzle": null, "type": "first_page", "info": "", "created": "2020-07-08T12:13:14.701Z"}}, {"model": "treasure_hunt.logevent", "pk": 372, "fields": {"place": "e004477c-646d-4777-beee-628bebc40dcb", "puzzle": 4, "type": "open_puzzle", "info": "", "created": "2020-07-08T12:13:16.940Z"}}, {"model": "treasure_hunt.logevent", "pk": 373, "fields": {"place": "e004477c-646d-4777-beee-628bebc40dcb", "puzzle": 1, "type": "open_puzzle", "info": "", "created": "2020-07-27T12:53:37.983Z"}}, {"model": "treasure_hunt.logevent", "pk": 374, "fields": {"place": null, "puzzle": null, "type": "error", "info": "list index out of range", "created": "2020-07-27T12:54:26.043Z"}}, {"model": "treasure_hunt.logevent", "pk": 375, "fields": {"place": "f2bde486-e597-470f-9296-07b9c3fa5cd4", "puzzle": 1, "type": "open_puzzle", "info": "", "created": "2020-07-27T12:58:57.149Z"}}, {"model": "treasure_hunt.logevent", "pk": 376, "fields": {"place": null, "puzzle": null, "type": "error", "info": "[Errno 2] No such file or directory: '/home/olivier/Documents/unlockbrussels/treasureinthecity/treasure_hunt/static/treasure_hunt/content/brussels.old_map.en.json'", "created": "2020-07-27T12:59:04.252Z"}}, {"model": "treasure_hunt.logevent", "pk": 377, "fields": {"place": "f2bde486-e597-470f-9296-07b9c3fa5cd4", "puzzle": 1, "type": "open_puzzle", "info": "", "created": "2020-07-27T13:01:40.778Z"}}, {"model": "treasure_hunt.logevent", "pk": 378, "fields": {"place": "f2bde486-e597-470f-9296-07b9c3fa5cd4", "puzzle": 1, "type": "open_puzzle", "info": "", "created": "2020-07-27T13:01:49.243Z"}}, {"model": "treasure_hunt.logevent", "pk": 379, "fields": {"place": "f2bde486-e597-470f-9296-07b9c3fa5cd4", "puzzle": 1, "type": "open_puzzle", "info": "", "created": "2020-07-27T13:02:40.750Z"}}, {"model": "treasure_hunt.logevent", "pk": 380, "fields": {"place": "f2bde486-e597-470f-9296-07b9c3fa5cd4", "puzzle": 1, "type": "open_puzzle", "info": "", "created": "2020-07-27T13:03:58.469Z"}}, {"model": "treasure_hunt.logevent", "pk": 381, "fields": {"place": "f2bde486-e597-470f-9296-07b9c3fa5cd4", "puzzle": 1, "type": "open_puzzle", "info": "", "created": "2020-07-27T13:07:05.774Z"}}, {"model": "treasure_hunt.logevent", "pk": 382, "fields": {"place": "f2bde486-e597-470f-9296-07b9c3fa5cd4", "puzzle": 1, "type": "info_click", "info": "1", "created": "2020-07-27T13:07:11.313Z"}}, {"model": "treasure_hunt.logevent", "pk": 383, "fields": {"place": "f2bde486-e597-470f-9296-07b9c3fa5cd4", "puzzle": 1, "type": "open_puzzle", "info": "", "created": "2020-07-27T13:08:10.713Z"}}, {"model": "treasure_hunt.logevent", "pk": 384, "fields": {"place": "f2bde486-e597-470f-9296-07b9c3fa5cd4", "puzzle": 1, "type": "open_puzzle", "info": "", "created": "2020-07-27T13:08:25.804Z"}}, {"model": "treasure_hunt.logevent", "pk": 385, "fields": {"place": "f2bde486-e597-470f-9296-07b9c3fa5cd4", "puzzle": 1, "type": "info_click", "info": "1", "created": "2020-07-27T13:11:18.924Z"}}, {"model": "treasure_hunt.logevent", "pk": 386, "fields": {"place": "f2bde486-e597-470f-9296-07b9c3fa5cd4", "puzzle": 1, "type": "open_puzzle", "info": "", "created": "2020-07-27T13:14:44.551Z"}}, {"model": "treasure_hunt.logevent", "pk": 387, "fields": {"place": "f2bde486-e597-470f-9296-07b9c3fa5cd4", "puzzle": 1, "type": "open_puzzle", "info": "", "created": "2020-07-27T13:14:53.311Z"}}, {"model": "treasure_hunt.logevent", "pk": 388, "fields": {"place": "f2bde486-e597-470f-9296-07b9c3fa5cd4", "puzzle": 1, "type": "info_click", "info": "1", "created": "2020-07-27T13:14:54.700Z"}}, {"model": "treasure_hunt.logevent", "pk": 389, "fields": {"place": "f2bde486-e597-470f-9296-07b9c3fa5cd4", "puzzle": 1, "type": "open_puzzle", "info": "", "created": "2020-07-27T13:15:19.556Z"}}, {"model": "treasure_hunt.logevent", "pk": 390, "fields": {"place": "f2bde486-e597-470f-9296-07b9c3fa5cd4", "puzzle": 1, "type": "info_click", "info": "1", "created": "2020-07-27T13:15:21.274Z"}}, {"model": "treasure_hunt.logevent", "pk": 391, "fields": {"place": "f2bde486-e597-470f-9296-07b9c3fa5cd4", "puzzle": 1, "type": "open_puzzle", "info": "", "created": "2020-07-27T13:15:53.998Z"}}, {"model": "treasure_hunt.logevent", "pk": 392, "fields": {"place": "f2bde486-e597-470f-9296-07b9c3fa5cd4", "puzzle": 1, "type": "info_click", "info": "1", "created": "2020-07-27T13:15:55.890Z"}}, {"model": "treasure_hunt.logevent", "pk": 393, "fields": {"place": "f2bde486-e597-470f-9296-07b9c3fa5cd4", "puzzle": 1, "type": "open_puzzle", "info": "", "created": "2020-07-27T13:16:16.263Z"}}, {"model": "treasure_hunt.logevent", "pk": 394, "fields": {"place": "f2bde486-e597-470f-9296-07b9c3fa5cd4", "puzzle": 1, "type": "open_puzzle", "info": "", "created": "2020-07-27T13:26:14.740Z"}}, {"model": "treasure_hunt.logevent", "pk": 395, "fields": {"place": "f2bde486-e597-470f-9296-07b9c3fa5cd4", "puzzle": 1, "type": "open_puzzle", "info": "", "created": "2020-07-27T13:26:49.637Z"}}, {"model": "treasure_hunt.logevent", "pk": 396, "fields": {"place": "f2bde486-e597-470f-9296-07b9c3fa5cd4", "puzzle": 1, "type": "info_click", "info": "1", "created": "2020-07-27T13:26:56.001Z"}}, {"model": "treasure_hunt.logevent", "pk": 397, "fields": {"place": "f2bde486-e597-470f-9296-07b9c3fa5cd4", "puzzle": 1, "type": "open_puzzle", "info": "", "created": "2020-07-27T13:27:36.048Z"}}, {"model": "treasure_hunt.logevent", "pk": 398, "fields": {"place": "f2bde486-e597-470f-9296-07b9c3fa5cd4", "puzzle": 1, "type": "info_click", "info": "1", "created": "2020-07-27T13:27:37.540Z"}}, {"model": "treasure_hunt.logevent", "pk": 399, "fields": {"place": "f2bde486-e597-470f-9296-07b9c3fa5cd4", "puzzle": 1, "type": "info_click", "info": "1", "created": "2020-07-27T13:27:42.747Z"}}, {"model": "treasure_hunt.logevent", "pk": 400, "fields": {"place": "f2bde486-e597-470f-9296-07b9c3fa5cd4", "puzzle": 1, "type": "open_puzzle", "info": "", "created": "2020-07-27T13:31:12.090Z"}}, {"model": "treasure_hunt.logevent", "pk": 401, "fields": {"place": "f2bde486-e597-470f-9296-07b9c3fa5cd4", "puzzle": 1, "type": "open_puzzle", "info": "", "created": "2020-07-27T13:31:42.549Z"}}, {"model": "treasure_hunt.logevent", "pk": 402, "fields": {"place": "f2bde486-e597-470f-9296-07b9c3fa5cd4", "puzzle": 1, "type": "info_click", "info": "2", "created": "2020-07-27T13:31:46.699Z"}}, {"model": "treasure_hunt.logevent", "pk": 403, "fields": {"place": "f2bde486-e597-470f-9296-07b9c3fa5cd4", "puzzle": 1, "type": "open_puzzle", "info": "", "created": "2020-07-27T13:35:48.562Z"}}, {"model": "treasure_hunt.logevent", "pk": 404, "fields": {"place": "f2bde486-e597-470f-9296-07b9c3fa5cd4", "puzzle": 1, "type": "open_puzzle", "info": "", "created": "2020-07-27T13:35:54.250Z"}}, {"model": "treasure_hunt.logevent", "pk": 405, "fields": {"place": "f2bde486-e597-470f-9296-07b9c3fa5cd4", "puzzle": 1, "type": "info_click", "info": "3", "created": "2020-07-27T13:35:56.935Z"}}, {"model": "treasure_hunt.logevent", "pk": 406, "fields": {"place": "f2bde486-e597-470f-9296-07b9c3fa5cd4", "puzzle": 1, "type": "open_puzzle", "info": "", "created": "2020-07-27T13:39:56.846Z"}}, {"model": "treasure_hunt.logevent", "pk": 407, "fields": {"place": "f2bde486-e597-470f-9296-07b9c3fa5cd4", "puzzle": 1, "type": "open_puzzle", "info": "", "created": "2020-07-27T13:43:24.114Z"}}, {"model": "treasure_hunt.logevent", "pk": 408, "fields": {"place": "f2bde486-e597-470f-9296-07b9c3fa5cd4", "puzzle": 1, "type": "open_puzzle", "info": "", "created": "2020-07-27T14:20:33.850Z"}}, {"model": "treasure_hunt.logevent", "pk": 409, "fields": {"place": "f2bde486-e597-470f-9296-07b9c3fa5cd4", "puzzle": 1, "type": "open_puzzle", "info": "", "created": "2020-07-29T10:55:45.865Z"}}, {"model": "treasure_hunt.logevent", "pk": 410, "fields": {"place": "f2bde486-e597-470f-9296-07b9c3fa5cd4", "puzzle": 1, "type": "info_click", "info": "4", "created": "2020-07-29T10:55:52.393Z"}}, {"model": "treasure_hunt.logevent", "pk": 411, "fields": {"place": "f2bde486-e597-470f-9296-07b9c3fa5cd4", "puzzle": 1, "type": "open_puzzle", "info": "", "created": "2020-07-29T10:58:47.557Z"}}, {"model": "treasure_hunt.logevent", "pk": 412, "fields": {"place": "f2bde486-e597-470f-9296-07b9c3fa5cd4", "puzzle": 1, "type": "open_puzzle", "info": "", "created": "2020-07-29T10:59:16.453Z"}}, {"model": "treasure_hunt.logevent", "pk": 413, "fields": {"place": "f2bde486-e597-470f-9296-07b9c3fa5cd4", "puzzle": 1, "type": "open_puzzle", "info": "", "created": "2020-07-29T11:00:15.395Z"}}, {"model": "treasure_hunt.logevent", "pk": 414, "fields": {"place": "e004477c-646d-4777-beee-628bebc40dcb", "puzzle": 1, "type": "open_puzzle", "info": "", "created": "2020-07-29T11:00:57.413Z"}}, {"model": "treasure_hunt.logevent", "pk": 415, "fields": {"place": "f2bde486-e597-470f-9296-07b9c3fa5cd4", "puzzle": 1, "type": "open_puzzle", "info": "", "created": "2020-07-29T11:05:51.762Z"}}, {"model": "treasure_hunt.logevent", "pk": 416, "fields": {"place": "f2bde486-e597-470f-9296-07b9c3fa5cd4", "puzzle": 1, "type": "answer true", "info": "31051", "created": "2020-07-29T11:10:25.196Z"}}, {"model": "treasure_hunt.logevent", "pk": 417, "fields": {"place": "f2bde486-e597-470f-9296-07b9c3fa5cd4", "puzzle": 1, "type": "open_puzzle", "info": "", "created": "2020-07-29T11:14:45.136Z"}}, {"model": "treasure_hunt.logevent", "pk": 418, "fields": {"place": "f2bde486-e597-470f-9296-07b9c3fa5cd4", "puzzle": 1, "type": "open_puzzle", "info": "", "created": "2020-07-29T11:14:47.747Z"}}, {"model": "treasure_hunt.logevent", "pk": 419, "fields": {"place": "f2bde486-e597-470f-9296-07b9c3fa5cd4", "puzzle": 1, "type": "open_puzzle", "info": "", "created": "2020-07-29T11:16:23.483Z"}}, {"model": "treasure_hunt.logevent", "pk": 420, "fields": {"place": "f2bde486-e597-470f-9296-07b9c3fa5cd4", "puzzle": 1, "type": "open_puzzle", "info": "", "created": "2020-07-29T11:16:28.298Z"}}, {"model": "treasure_hunt.logevent", "pk": 421, "fields": {"place": "f2bde486-e597-470f-9296-07b9c3fa5cd4", "puzzle": 1, "type": "open_puzzle", "info": "", "created": "2020-07-29T11:16:44.459Z"}}, {"model": "treasure_hunt.logevent", "pk": 422, "fields": {"place": "f2bde486-e597-470f-9296-07b9c3fa5cd4", "puzzle": 1, "type": "open_puzzle", "info": "", "created": "2020-07-29T11:16:57.162Z"}}, {"model": "treasure_hunt.logevent", "pk": 423, "fields": {"place": "f2bde486-e597-470f-9296-07b9c3fa5cd4", "puzzle": 1, "type": "open_puzzle", "info": "", "created": "2020-07-29T11:17:22.054Z"}}, {"model": "treasure_hunt.logevent", "pk": 424, "fields": {"place": "f2bde486-e597-470f-9296-07b9c3fa5cd4", "puzzle": 1, "type": "open_puzzle", "info": "", "created": "2020-07-29T11:17:25.309Z"}}, {"model": "treasure_hunt.logevent", "pk": 425, "fields": {"place": "f2bde486-e597-470f-9296-07b9c3fa5cd4", "puzzle": 1, "type": "info_click", "info": "1", "created": "2020-07-29T11:17:30.511Z"}}, {"model": "treasure_hunt.logevent", "pk": 426, "fields": {"place": "f2bde486-e597-470f-9296-07b9c3fa5cd4", "puzzle": 1, "type": "open_puzzle", "info": "", "created": "2020-07-29T11:21:33.004Z"}}, {"model": "treasure_hunt.logevent", "pk": 427, "fields": {"place": "f2bde486-e597-470f-9296-07b9c3fa5cd4", "puzzle": 1, "type": "open_puzzle", "info": "", "created": "2020-07-29T11:29:09.324Z"}}, {"model": "treasure_hunt.logevent", "pk": 428, "fields": {"place": "f2bde486-e597-470f-9296-07b9c3fa5cd4", "puzzle": 1, "type": "hint_click", "info": "3", "created": "2020-07-29T11:29:13.767Z"}}, {"model": "treasure_hunt.logevent", "pk": 429, "fields": {"place": "f2bde486-e597-470f-9296-07b9c3fa5cd4", "puzzle": 1, "type": "answer true", "info": "10351", "created": "2020-07-29T11:30:44.460Z"}}, {"model": "treasure_hunt.logevent", "pk": 430, "fields": {"place": "f2bde486-e597-470f-9296-07b9c3fa5cd4", "puzzle": 3, "type": "open_puzzle", "info": "", "created": "2020-07-29T11:30:46.176Z"}}, {"model": "treasure_hunt.logevent", "pk": 431, "fields": {"place": "f2bde486-e597-470f-9296-07b9c3fa5cd4", "puzzle": 1, "type": "open_puzzle", "info": "", "created": "2020-07-29T13:43:45.880Z"}}, {"model": "treasure_hunt.logevent", "pk": 432, "fields": {"place": "f2bde486-e597-470f-9296-07b9c3fa5cd4", "puzzle": 3, "type": "open_puzzle", "info": "", "created": "2020-07-29T13:43:48.255Z"}}, {"model": "treasure_hunt.logevent", "pk": 433, "fields": {"place": "f2bde486-e597-470f-9296-07b9c3fa5cd4", "puzzle": 3, "type": "info_click", "info": "1", "created": "2020-07-29T13:43:53.605Z"}}, {"model": "treasure_hunt.logevent", "pk": 434, "fields": {"place": "f2bde486-e597-470f-9296-07b9c3fa5cd4", "puzzle": 3, "type": "open_puzzle", "info": "", "created": "2020-07-29T13:45:54.473Z"}}, {"model": "treasure_hunt.logevent", "pk": 435, "fields": {"place": "f2bde486-e597-470f-9296-07b9c3fa5cd4", "puzzle": 3, "type": "open_puzzle", "info": "", "created": "2020-07-29T13:46:12.119Z"}}, {"model": "treasure_hunt.logevent", "pk": 436, "fields": {"place": "f2bde486-e597-470f-9296-07b9c3fa5cd4", "puzzle": 3, "type": "open_puzzle", "info": "", "created": "2020-07-29T13:53:40.313Z"}}, {"model": "treasure_hunt.logevent", "pk": 437, "fields": {"place": "f2bde486-e597-470f-9296-07b9c3fa5cd4", "puzzle": 3, "type": "info_click", "info": "1", "created": "2020-07-29T13:53:43.455Z"}}, {"model": "treasure_hunt.logevent", "pk": 438, "fields": {"place": "f2bde486-e597-470f-9296-07b9c3fa5cd4", "puzzle": 3, "type": "open_puzzle", "info": "", "created": "2020-07-29T14:00:44.827Z"}}, {"model": "treasure_hunt.logevent", "pk": 439, "fields": {"place": "f2bde486-e597-470f-9296-07b9c3fa5cd4", "puzzle": 3, "type": "open_puzzle", "info": "", "created": "2020-07-29T14:01:01.903Z"}}, {"model": "treasure_hunt.logevent", "pk": 440, "fields": {"place": "f2bde486-e597-470f-9296-07b9c3fa5cd4", "puzzle": 3, "type": "open_puzzle", "info": "", "created": "2020-07-29T14:09:43.380Z"}}, {"model": "treasure_hunt.logevent", "pk": 441, "fields": {"place": "f2bde486-e597-470f-9296-07b9c3fa5cd4", "puzzle": 3, "type": "open_puzzle", "info": "", "created": "2020-07-29T14:20:16.592Z"}}, {"model": "treasure_hunt.logevent", "pk": 442, "fields": {"place": "f2bde486-e597-470f-9296-07b9c3fa5cd4", "puzzle": 3, "type": "open_puzzle", "info": "", "created": "2020-07-29T14:23:03.254Z"}}, {"model": "treasure_hunt.logevent", "pk": 443, "fields": {"place": "f2bde486-e597-470f-9296-07b9c3fa5cd4", "puzzle": 3, "type": "open_puzzle", "info": "", "created": "2020-07-29T14:29:29.017Z"}}, {"model": "treasure_hunt.logevent", "pk": 444, "fields": {"place": "f2bde486-e597-470f-9296-07b9c3fa5cd4", "puzzle": 3, "type": "open_puzzle", "info": "", "created": "2020-07-29T14:32:05.124Z"}}, {"model": "treasure_hunt.logevent", "pk": 445, "fields": {"place": "f2bde486-e597-470f-9296-07b9c3fa5cd4", "puzzle": 1, "type": "open_puzzle", "info": "", "created": "2020-08-01T12:22:09.620Z"}}, {"model": "treasure_hunt.logevent", "pk": 446, "fields": {"place": "f2bde486-e597-470f-9296-07b9c3fa5cd4", "puzzle": 3, "type": "open_puzzle", "info": "", "created": "2020-08-01T12:22:12.560Z"}}, {"model": "treasure_hunt.logevent", "pk": 447, "fields": {"place": "f2bde486-e597-470f-9296-07b9c3fa5cd4", "puzzle": 3, "type": "open_puzzle", "info": "", "created": "2020-08-01T12:28:10.633Z"}}, {"model": "treasure_hunt.logevent", "pk": 448, "fields": {"place": "f2bde486-e597-470f-9296-07b9c3fa5cd4", "puzzle": 3, "type": "info_click", "info": "6", "created": "2020-08-01T12:28:15.059Z"}}, {"model": "treasure_hunt.logevent", "pk": 449, "fields": {"place": "f2bde486-e597-470f-9296-07b9c3fa5cd4", "puzzle": 3, "type": "open_puzzle", "info": "", "created": "2020-08-01T12:35:46.312Z"}}, {"model": "treasure_hunt.logevent", "pk": 450, "fields": {"place": "f2bde486-e597-470f-9296-07b9c3fa5cd4", "puzzle": 3, "type": "info_click", "info": "7", "created": "2020-08-01T12:35:50.575Z"}}, {"model": "treasure_hunt.logevent", "pk": 451, "fields": {"place": "f2bde486-e597-470f-9296-07b9c3fa5cd4", "puzzle": 3, "type": "open_puzzle", "info": "", "created": "2020-08-01T12:35:59.453Z"}}, {"model": "treasure_hunt.logevent", "pk": 452, "fields": {"place": "f2bde486-e597-470f-9296-07b9c3fa5cd4", "puzzle": 3, "type": "info_click", "info": "7", "created": "2020-08-01T12:36:01.732Z"}}, {"model": "treasure_hunt.logevent", "pk": 453, "fields": {"place": "f2bde486-e597-470f-9296-07b9c3fa5cd4", "puzzle": 3, "type": "info_click", "info": "5", "created": "2020-08-01T12:36:06.859Z"}}, {"model": "treasure_hunt.logevent", "pk": 454, "fields": {"place": "f2bde486-e597-470f-9296-07b9c3fa5cd4", "puzzle": 3, "type": "open_puzzle", "info": "", "created": "2020-08-01T12:36:27.117Z"}}, {"model": "treasure_hunt.logevent", "pk": 455, "fields": {"place": "f2bde486-e597-470f-9296-07b9c3fa5cd4", "puzzle": 3, "type": "info_click", "info": "1", "created": "2020-08-01T12:36:35.823Z"}}, {"model": "treasure_hunt.logevent", "pk": 456, "fields": {"place": "f2bde486-e597-470f-9296-07b9c3fa5cd4", "puzzle": 3, "type": "info_click", "info": "7", "created": "2020-08-01T12:36:49.406Z"}}, {"model": "treasure_hunt.logevent", "pk": 457, "fields": {"place": "f2bde486-e597-470f-9296-07b9c3fa5cd4", "puzzle": 3, "type": "open_puzzle", "info": "", "created": "2020-08-01T12:43:16.939Z"}}, {"model": "treasure_hunt.logevent", "pk": 458, "fields": {"place": "f2bde486-e597-470f-9296-07b9c3fa5cd4", "puzzle": 3, "type": "info_click", "info": "8", "created": "2020-08-01T12:43:20.020Z"}}, {"model": "treasure_hunt.logevent", "pk": 459, "fields": {"place": "f2bde486-e597-470f-9296-07b9c3fa5cd4", "puzzle": 3, "type": "open_puzzle", "info": "", "created": "2020-08-01T12:47:25.551Z"}}, {"model": "treasure_hunt.logevent", "pk": 460, "fields": {"place": "f2bde486-e597-470f-9296-07b9c3fa5cd4", "puzzle": 3, "type": "open_puzzle", "info": "", "created": "2020-08-01T12:49:51.007Z"}}, {"model": "treasure_hunt.logevent", "pk": 461, "fields": {"place": "f2bde486-e597-470f-9296-07b9c3fa5cd4", "puzzle": 3, "type": "answer true", "info": "84371526", "created": "2020-08-01T12:50:18.081Z"}}, {"model": "treasure_hunt.logevent", "pk": 462, "fields": {"place": "f2bde486-e597-470f-9296-07b9c3fa5cd4", "puzzle": 2, "type": "open_solution", "info": "", "created": "2020-08-01T12:50:19.695Z"}}, {"model": "treasure_hunt.logevent", "pk": 463, "fields": {"place": "f2bde486-e597-470f-9296-07b9c3fa5cd4", "puzzle": 3, "type": "open_puzzle", "info": "", "created": "2020-08-01T12:51:16.764Z"}}, {"model": "treasure_hunt.logevent", "pk": 464, "fields": {"place": "f2bde486-e597-470f-9296-07b9c3fa5cd4", "puzzle": 3, "type": "open_puzzle", "info": "", "created": "2020-08-01T12:51:26.794Z"}}, {"model": "treasure_hunt.logevent", "pk": 465, "fields": {"place": "f2bde486-e597-470f-9296-07b9c3fa5cd4", "puzzle": 3, "type": "open_puzzle", "info": "", "created": "2020-08-01T12:52:12.789Z"}}, {"model": "treasure_hunt.logevent", "pk": 466, "fields": {"place": "f2bde486-e597-470f-9296-07b9c3fa5cd4", "puzzle": 4, "type": "open_puzzle", "info": "", "created": "2020-08-01T12:52:31.190Z"}}, {"model": "treasure_hunt.logevent", "pk": 467, "fields": {"place": "f2bde486-e597-470f-9296-07b9c3fa5cd4", "puzzle": 4, "type": "open_puzzle", "info": "", "created": "2020-08-01T13:01:17.844Z"}}, {"model": "treasure_hunt.logevent", "pk": 468, "fields": {"place": "f2bde486-e597-470f-9296-07b9c3fa5cd4", "puzzle": 4, "type": "open_puzzle", "info": "", "created": "2020-08-01T13:01:55.687Z"}}, {"model": "treasure_hunt.logevent", "pk": 469, "fields": {"place": "f2bde486-e597-470f-9296-07b9c3fa5cd4", "puzzle": 4, "type": "open_puzzle", "info": "", "created": "2020-08-01T13:03:52.117Z"}}, {"model": "treasure_hunt.logevent", "pk": 470, "fields": {"place": "f2bde486-e597-470f-9296-07b9c3fa5cd4", "puzzle": 4, "type": "answer false", "info": "quebec", "created": "2020-08-01T13:03:59.097Z"}}, {"model": "treasure_hunt.logevent", "pk": 471, "fields": {"place": "f2bde486-e597-470f-9296-07b9c3fa5cd4", "puzzle": 4, "type": "answer true", "info": "Tintin au quebec", "created": "2020-08-01T13:04:05.803Z"}}, {"model": "treasure_hunt.logevent", "pk": 472, "fields": {"place": "f2bde486-e597-470f-9296-07b9c3fa5cd4", "puzzle": 4, "type": "hint_click", "info": "2", "created": "2020-08-01T13:04:08.457Z"}}, {"model": "treasure_hunt.logevent", "pk": 473, "fields": {"place": "f2bde486-e597-470f-9296-07b9c3fa5cd4", "puzzle": 4, "type": "hint_click", "info": "3", "created": "2020-08-01T13:04:10.719Z"}}, {"model": "treasure_hunt.logevent", "pk": 474, "fields": {"place": "f2bde486-e597-470f-9296-07b9c3fa5cd4", "puzzle": 4, "type": "open_puzzle", "info": "", "created": "2020-08-01T13:05:50.196Z"}}, {"model": "treasure_hunt.logevent", "pk": 475, "fields": {"place": "f2bde486-e597-470f-9296-07b9c3fa5cd4", "puzzle": 4, "type": "info_click", "info": "1", "created": "2020-08-01T13:05:51.795Z"}}, {"model": "treasure_hunt.logevent", "pk": 476, "fields": {"place": "f2bde486-e597-470f-9296-07b9c3fa5cd4", "puzzle": 4, "type": "open_puzzle", "info": "", "created": "2020-08-01T13:06:37.678Z"}}, {"model": "treasure_hunt.logevent", "pk": 477, "fields": {"place": "f2bde486-e597-470f-9296-07b9c3fa5cd4", "puzzle": 4, "type": "info_click", "info": "1", "created": "2020-08-01T13:06:39.763Z"}}, {"model": "treasure_hunt.logevent", "pk": 478, "fields": {"place": "f2bde486-e597-470f-9296-07b9c3fa5cd4", "puzzle": 4, "type": "open_puzzle", "info": "", "created": "2020-08-01T13:14:47.583Z"}}, {"model": "treasure_hunt.logevent", "pk": 479, "fields": {"place": "f2bde486-e597-470f-9296-07b9c3fa5cd4", "puzzle": 4, "type": "open_puzzle", "info": "", "created": "2020-08-01T13:20:44.962Z"}}, {"model": "treasure_hunt.logevent", "pk": 480, "fields": {"place": "f2bde486-e597-470f-9296-07b9c3fa5cd4", "puzzle": 4, "type": "info_click", "info": "4", "created": "2020-08-01T13:21:38.384Z"}}, {"model": "treasure_hunt.logevent", "pk": 481, "fields": {"place": "f2bde486-e597-470f-9296-07b9c3fa5cd4", "puzzle": 4, "type": "info_click", "info": "2", "created": "2020-08-01T13:21:45.772Z"}}, {"model": "treasure_hunt.logevent", "pk": 482, "fields": {"place": "f2bde486-e597-470f-9296-07b9c3fa5cd4", "puzzle": 4, "type": "answer true", "info": "Tintin au quebec", "created": "2020-08-01T13:36:38.637Z"}}, {"model": "treasure_hunt.logevent", "pk": 483, "fields": {"place": "f2bde486-e597-470f-9296-07b9c3fa5cd4", "puzzle": 2, "type": "open_solution", "info": "", "created": "2020-08-01T13:36:40.089Z"}}, {"model": "treasure_hunt.logevent", "pk": 484, "fields": {"place": "f2bde486-e597-470f-9296-07b9c3fa5cd4", "puzzle": 2, "type": "hint_click", "info": "3", "created": "2020-08-01T13:36:53.082Z"}}, {"model": "treasure_hunt.logevent", "pk": 485, "fields": {"place": "f2bde486-e597-470f-9296-07b9c3fa5cd4", "puzzle": 2, "type": "open_solution", "info": "", "created": "2020-08-01T13:38:20.362Z"}}, {"model": "treasure_hunt.logevent", "pk": 486, "fields": {"place": "f2bde486-e597-470f-9296-07b9c3fa5cd4", "puzzle": 2, "type": "open_solution", "info": "", "created": "2020-08-01T13:38:39.861Z"}}, {"model": "treasure_hunt.logevent", "pk": 487, "fields": {"place": "f2bde486-e597-470f-9296-07b9c3fa5cd4", "puzzle": 2, "type": "hint_click", "info": "3", "created": "2020-08-01T13:38:48.603Z"}}, {"model": "auth.permission", "pk": 1, "fields": {"name": "Can add log entry", "content_type": 1, "codename": "add_logentry"}}, {"model": "auth.permission", "pk": 2, "fields": {"name": "Can change log entry", "content_type": 1, "codename": "change_logentry"}}, {"model": "auth.permission", "pk": 3, "fields": {"name": "Can delete log entry", "content_type": 1, "codename": "delete_logentry"}}, {"model": "auth.permission", "pk": 4, "fields": {"name": "Can view log entry", "content_type": 1, "codename": "view_logentry"}}, {"model": "auth.permission", "pk": 5, "fields": {"name": "Can add permission", "content_type": 2, "codename": "add_permission"}}, {"model": "auth.permission", "pk": 6, "fields": {"name": "Can change permission", "content_type": 2, "codename": "change_permission"}}, {"model": "auth.permission", "pk": 7, "fields": {"name": "Can delete permission", "content_type": 2, "codename": "delete_permission"}}, {"model": "auth.permission", "pk": 8, "fields": {"name": "Can view permission", "content_type": 2, "codename": "view_permission"}}, {"model": "auth.permission", "pk": 9, "fields": {"name": "Can add group", "content_type": 3, "codename": "add_group"}}, {"model": "auth.permission", "pk": 10, "fields": {"name": "Can change group", "content_type": 3, "codename": "change_group"}}, {"model": "auth.permission", "pk": 11, "fields": {"name": "Can delete group", "content_type": 3, "codename": "delete_group"}}, {"model": "auth.permission", "pk": 12, "fields": {"name": "Can view group", "content_type": 3, "codename": "view_group"}}, {"model": "auth.permission", "pk": 13, "fields": {"name": "Can add user", "content_type": 4, "codename": "add_user"}}, {"model": "auth.permission", "pk": 14, "fields": {"name": "Can change user", "content_type": 4, "codename": "change_user"}}, {"model": "auth.permission", "pk": 15, "fields": {"name": "Can delete user", "content_type": 4, "codename": "delete_user"}}, {"model": "auth.permission", "pk": 16, "fields": {"name": "Can view user", "content_type": 4, "codename": "view_user"}}, {"model": "auth.permission", "pk": 17, "fields": {"name": "Can add content type", "content_type": 5, "codename": "add_contenttype"}}, {"model": "auth.permission", "pk": 18, "fields": {"name": "Can change content type", "content_type": 5, "codename": "change_contenttype"}}, {"model": "auth.permission", "pk": 19, "fields": {"name": "Can delete content type", "content_type": 5, "codename": "delete_contenttype"}}, {"model": "auth.permission", "pk": 20, "fields": {"name": "Can view content type", "content_type": 5, "codename": "view_contenttype"}}, {"model": "auth.permission", "pk": 21, "fields": {"name": "Can add session", "content_type": 6, "codename": "add_session"}}, {"model": "auth.permission", "pk": 22, "fields": {"name": "Can change session", "content_type": 6, "codename": "change_session"}}, {"model": "auth.permission", "pk": 23, "fields": {"name": "Can delete session", "content_type": 6, "codename": "delete_session"}}, {"model": "auth.permission", "pk": 24, "fields": {"name": "Can view session", "content_type": 6, "codename": "view_session"}}, {"model": "auth.permission", "pk": 25, "fields": {"name": "Can add city", "content_type": 7, "codename": "add_city"}}, {"model": "auth.permission", "pk": 26, "fields": {"name": "Can change city", "content_type": 7, "codename": "change_city"}}, {"model": "auth.permission", "pk": 27, "fields": {"name": "Can delete city", "content_type": 7, "codename": "delete_city"}}, {"model": "auth.permission", "pk": 28, "fields": {"name": "Can view city", "content_type": 7, "codename": "view_city"}}, {"model": "auth.permission", "pk": 29, "fields": {"name": "Can add place", "content_type": 8, "codename": "add_place"}}, {"model": "auth.permission", "pk": 30, "fields": {"name": "Can change place", "content_type": 8, "codename": "change_place"}}, {"model": "auth.permission", "pk": 31, "fields": {"name": "Can delete place", "content_type": 8, "codename": "delete_place"}}, {"model": "auth.permission", "pk": 32, "fields": {"name": "Can view place", "content_type": 8, "codename": "view_place"}}, {"model": "auth.permission", "pk": 33, "fields": {"name": "Can add puzzle", "content_type": 9, "codename": "add_puzzle"}}, {"model": "auth.permission", "pk": 34, "fields": {"name": "Can change puzzle", "content_type": 9, "codename": "change_puzzle"}}, {"model": "auth.permission", "pk": 35, "fields": {"name": "Can delete puzzle", "content_type": 9, "codename": "delete_puzzle"}}, {"model": "auth.permission", "pk": 36, "fields": {"name": "Can view puzzle", "content_type": 9, "codename": "view_puzzle"}}, {"model": "auth.permission", "pk": 37, "fields": {"name": "Can add puzzle city", "content_type": 10, "codename": "add_puzzlecity"}}, {"model": "auth.permission", "pk": 38, "fields": {"name": "Can change puzzle city", "content_type": 10, "codename": "change_puzzlecity"}}, {"model": "auth.permission", "pk": 39, "fields": {"name": "Can delete puzzle city", "content_type": 10, "codename": "delete_puzzlecity"}}, {"model": "auth.permission", "pk": 40, "fields": {"name": "Can view puzzle city", "content_type": 10, "codename": "view_puzzlecity"}}, {"model": "auth.permission", "pk": 41, "fields": {"name": "Can add place puzzle", "content_type": 11, "codename": "add_placepuzzle"}}, {"model": "auth.permission", "pk": 42, "fields": {"name": "Can change place puzzle", "content_type": 11, "codename": "change_placepuzzle"}}, {"model": "auth.permission", "pk": 43, "fields": {"name": "Can delete place puzzle", "content_type": 11, "codename": "delete_placepuzzle"}}, {"model": "auth.permission", "pk": 44, "fields": {"name": "Can view place puzzle", "content_type": 11, "codename": "view_placepuzzle"}}, {"model": "auth.permission", "pk": 45, "fields": {"name": "Can add log event", "content_type": 12, "codename": "add_logevent"}}, {"model": "auth.permission", "pk": 46, "fields": {"name": "Can change log event", "content_type": 12, "codename": "change_logevent"}}, {"model": "auth.permission", "pk": 47, "fields": {"name": "Can delete log event", "content_type": 12, "codename": "delete_logevent"}}, {"model": "auth.permission", "pk": 48, "fields": {"name": "Can view log event", "content_type": 12, "codename": "view_logevent"}}, {"model": "auth.user", "pk": 1, "fields": {"password": "pbkdf2_sha256$180000$YPRFa4WoFg9g$VafKears2rJJQoxlZYhHssEWeafeJv6tkvqrL+gXPto=", "last_login": "2020-07-27T12:39:33.550Z", "is_superuser": true, "username": "admin", "first_name": "", "last_name": "", "email": "", "is_staff": true, "is_active": true, "date_joined": "2020-04-10T08:21:18.534Z", "groups": [], "user_permissions": []}}, {"model": "admin.logentry", "pk": 1, "fields": {"action_time": "2020-04-10T08:22:39.337Z", "user": 1, "content_type": 7, "object_id": "1", "object_repr": "City object (1)", "action_flag": 1, "change_message": "[{\"added\": {}}]"}}, {"model": "admin.logentry", "pk": 2, "fields": {"action_time": "2020-04-10T08:22:58.858Z", "user": 1, "content_type": 8, "object_id": "e004477c-646d-4777-beee-628bebc40dcb", "object_repr": "Place object (e004477c-646d-4777-beee-628bebc40dcb)", "action_flag": 1, "change_message": "[{\"added\": {}}]"}}, {"model": "admin.logentry", "pk": 3, "fields": {"action_time": "2020-04-10T08:23:17.501Z", "user": 1, "content_type": 9, "object_id": "1", "object_repr": "Puzzle object (1)", "action_flag": 1, "change_message": "[{\"added\": {}}]"}}, {"model": "admin.logentry", "pk": 4, "fields": {"action_time": "2020-04-10T08:24:07.293Z", "user": 1, "content_type": 10, "object_id": "1", "object_repr": "PuzzleCity object (1)", "action_flag": 1, "change_message": "[{\"added\": {}}]"}}, {"model": "admin.logentry", "pk": 5, "fields": {"action_time": "2020-04-10T08:24:23.905Z", "user": 1, "content_type": 11, "object_id": "1f4bf7b5-e3d0-4cc2-963a-ab4efbcbc193", "object_repr": "PlacePuzzle object (1f4bf7b5-e3d0-4cc2-963a-ab4efbcbc193)", "action_flag": 1, "change_message": "[{\"added\": {}}]"}}, {"model": "admin.logentry", "pk": 6, "fields": {"action_time": "2020-04-20T13:05:02.350Z", "user": 1, "content_type": 9, "object_id": "2", "object_repr": "Puzzle object (2)", "action_flag": 1, "change_message": "[{\"added\": {}}]"}}, {"model": "admin.logentry", "pk": 7, "fields": {"action_time": "2020-04-20T13:05:29.362Z", "user": 1, "content_type": 11, "object_id": "57790a0b-e82f-4a3b-bc3f-2c5ee93061a4", "object_repr": "PlacePuzzle object (57790a0b-e82f-4a3b-bc3f-2c5ee93061a4)", "action_flag": 1, "change_message": "[{\"added\": {}}]"}}, {"model": "admin.logentry", "pk": 8, "fields": {"action_time": "2020-04-21T09:49:56.439Z", "user": 1, "content_type": 7, "object_id": "1", "object_repr": "City object (1)", "action_flag": 2, "change_message": "[{\"changed\": {\"fields\": [\"Country\"]}}]"}}, {"model": "admin.logentry", "pk": 9, "fields": {"action_time": "2020-04-21T12:29:42.005Z", "user": 1, "content_type": 10, "object_id": "1", "object_repr": "PuzzleCity object (1)", "action_flag": 2, "change_message": "[{\"changed\": {\"fields\": [\"Answer\"]}}]"}}, {"model": "admin.logentry", "pk": 10, "fields": {"action_time": "2020-04-29T09:16:05.234Z", "user": 1, "content_type": 9, "object_id": "3", "object_repr": "Puzzle object (3)", "action_flag": 1, "change_message": "[{\"added\": {}}]"}}, {"model": "admin.logentry", "pk": 11, "fields": {"action_time": "2020-04-29T09:16:36.394Z", "user": 1, "content_type": 11, "object_id": "57790a0b-e82f-4a3b-bc3f-2c5ee93061a4", "object_repr": "PlacePuzzle object (57790a0b-e82f-4a3b-bc3f-2c5ee93061a4)", "action_flag": 2, "change_message": "[{\"changed\": {\"fields\": [\"Order\"]}}]"}}, {"model": "admin.logentry", "pk": 12, "fields": {"action_time": "2020-04-29T09:16:44.219Z", "user": 1, "content_type": 11, "object_id": "1f4bf7b5-e3d0-4cc2-963a-ab4efbcbc193", "object_repr": "PlacePuzzle object (1f4bf7b5-e3d0-4cc2-963a-ab4efbcbc193)", "action_flag": 2, "change_message": "[{\"changed\": {\"fields\": [\"Order\"]}}]"}}, {"model": "admin.logentry", "pk": 13, "fields": {"action_time": "2020-04-29T09:16:52.755Z", "user": 1, "content_type": 11, "object_id": "bc828692-7c20-4c97-b4a6-e718bc238aab", "object_repr": "PlacePuzzle object (bc828692-7c20-4c97-b4a6-e718bc238aab)", "action_flag": 1, "change_message": "[{\"added\": {}}]"}}, {"model": "admin.logentry", "pk": 14, "fields": {"action_time": "2020-04-29T10:05:50.722Z", "user": 1, "content_type": 10, "object_id": "2", "object_repr": "PuzzleCity object (2)", "action_flag": 1, "change_message": "[{\"added\": {}}]"}}, {"model": "admin.logentry", "pk": 15, "fields": {"action_time": "2020-04-29T10:59:42.961Z", "user": 1, "content_type": 10, "object_id": "2", "object_repr": "PuzzleCity object (2)", "action_flag": 2, "change_message": "[{\"changed\": {\"fields\": [\"Answer\"]}}]"}}, {"model": "admin.logentry", "pk": 16, "fields": {"action_time": "2020-05-05T10:24:10.917Z", "user": 1, "content_type": 9, "object_id": "4", "object_repr": "Puzzle object (4)", "action_flag": 1, "change_message": "[{\"added\": {}}]"}}, {"model": "admin.logentry", "pk": 17, "fields": {"action_time": "2020-05-05T10:24:35.740Z", "user": 1, "content_type": 11, "object_id": "b3beef09-90a6-4222-a983-2d21d23404bd", "object_repr": "PlacePuzzle object (b3beef09-90a6-4222-a983-2d21d23404bd)", "action_flag": 1, "change_message": "[{\"added\": {}}]"}}, {"model": "admin.logentry", "pk": 18, "fields": {"action_time": "2020-05-05T10:25:11.306Z", "user": 1, "content_type": 11, "object_id": "b3beef09-90a6-4222-a983-2d21d23404bd", "object_repr": "PlacePuzzle object (b3beef09-90a6-4222-a983-2d21d23404bd)", "action_flag": 2, "change_message": "[]"}}, {"model": "admin.logentry", "pk": 19, "fields": {"action_time": "2020-05-05T10:25:14.581Z", "user": 1, "content_type": 11, "object_id": "57790a0b-e82f-4a3b-bc3f-2c5ee93061a4", "object_repr": "PlacePuzzle object (57790a0b-e82f-4a3b-bc3f-2c5ee93061a4)", "action_flag": 2, "change_message": "[{\"changed\": {\"fields\": [\"Order\"]}}]"}}, {"model": "admin.logentry", "pk": 20, "fields": {"action_time": "2020-05-05T10:25:18.596Z", "user": 1, "content_type": 11, "object_id": "1f4bf7b5-e3d0-4cc2-963a-ab4efbcbc193", "object_repr": "PlacePuzzle object (1f4bf7b5-e3d0-4cc2-963a-ab4efbcbc193)", "action_flag": 2, "change_message": "[{\"changed\": {\"fields\": [\"Order\"]}}]"}}, {"model": "admin.logentry", "pk": 21, "fields": {"action_time": "2020-05-05T10:25:21.910Z", "user": 1, "content_type": 11, "object_id": "bc828692-7c20-4c97-b4a6-e718bc238aab", "object_repr": "PlacePuzzle object (bc828692-7c20-4c97-b4a6-e718bc238aab)", "action_flag": 2, "change_message": "[{\"changed\": {\"fields\": [\"Order\"]}}]"}}, {"model": "admin.logentry", "pk": 22, "fields": {"action_time": "2020-05-05T10:26:13.621Z", "user": 1, "content_type": 10, "object_id": "3", "object_repr": "PuzzleCity object (3)", "action_flag": 1, "change_message": "[{\"added\": {}}]"}}, {"model": "admin.logentry", "pk": 23, "fields": {"action_time": "2020-05-05T10:50:05.316Z", "user": 1, "content_type": 10, "object_id": "3", "object_repr": "PuzzleCity object (3)", "action_flag": 2, "change_message": "[{\"changed\": {\"fields\": [\"Answer\"]}}]"}}, {"model": "admin.logentry", "pk": 24, "fields": {"action_time": "2020-05-05T11:21:03.362Z", "user": 1, "content_type": 10, "object_id": "1", "object_repr": "PuzzleCity object (1)", "action_flag": 2, "change_message": "[{\"changed\": {\"fields\": [\"Content en\", \"Content fr\"]}}]"}}, {"model": "admin.logentry", "pk": 25, "fields": {"action_time": "2020-05-08T13:12:21.577Z", "user": 1, "content_type": 11, "object_id": "1f4bf7b5-e3d0-4cc2-963a-ab4efbcbc193", "object_repr": "PlacePuzzle object (1f4bf7b5-e3d0-4cc2-963a-ab4efbcbc193)", "action_flag": 2, "change_message": "[{\"changed\": {\"fields\": [\"Order\"]}}]"}}, {"model": "admin.logentry", "pk": 26, "fields": {"action_time": "2020-05-08T13:12:37.507Z", "user": 1, "content_type": 11, "object_id": "b3beef09-90a6-4222-a983-2d21d23404bd", "object_repr": "PlacePuzzle object (b3beef09-90a6-4222-a983-2d21d23404bd)", "action_flag": 2, "change_message": "[]"}}, {"model": "admin.logentry", "pk": 27, "fields": {"action_time": "2020-05-08T13:12:58.750Z", "user": 1, "content_type": 11, "object_id": "bc828692-7c20-4c97-b4a6-e718bc238aab", "object_repr": "PlacePuzzle object (bc828692-7c20-4c97-b4a6-e718bc238aab)", "action_flag": 2, "change_message": "[{\"changed\": {\"fields\": [\"Order\"]}}]"}}, {"model": "admin.logentry", "pk": 28, "fields": {"action_time": "2020-05-08T13:29:40.686Z", "user": 1, "content_type": 10, "object_id": "1", "object_repr": "PuzzleCity object (1)", "action_flag": 2, "change_message": "[{\"changed\": {\"fields\": [\"Answer\"]}}]"}}, {"model": "admin.logentry", "pk": 29, "fields": {"action_time": "2020-05-08T14:04:15.483Z", "user": 1, "content_type": 10, "object_id": "2", "object_repr": "PuzzleCity object (2)", "action_flag": 2, "change_message": "[{\"changed\": {\"fields\": [\"Answer\"]}}]"}}, {"model": "admin.logentry", "pk": 30, "fields": {"action_time": "2020-05-08T14:07:52.461Z", "user": 1, "content_type": 10, "object_id": "1", "object_repr": "PuzzleCity object (1)", "action_flag": 2, "change_message": "[]"}}, {"model": "admin.logentry", "pk": 31, "fields": {"action_time": "2020-05-08T14:08:07.213Z", "user": 1, "content_type": 10, "object_id": "4", "object_repr": "PuzzleCity object (4)", "action_flag": 1, "change_message": "[{\"added\": {}}]"}}, {"model": "admin.logentry", "pk": 32, "fields": {"action_time": "2020-05-14T07:30:27.915Z", "user": 1, "content_type": 8, "object_id": "e004477c-646d-4777-beee-628bebc40dcb", "object_repr": "Place object (e004477c-646d-4777-beee-628bebc40dcb)", "action_flag": 2, "change_message": "[{\"changed\": {\"fields\": [\"Name\", \"Email\"]}}]"}}, {"model": "admin.logentry", "pk": 33, "fields": {"action_time": "2020-05-14T12:06:32.746Z", "user": 1, "content_type": 9, "object_id": "4", "object_repr": "Puzzle object (4)", "action_flag": 2, "change_message": "[{\"changed\": {\"fields\": [\"Name\"]}}]"}}, {"model": "admin.logentry", "pk": 34, "fields": {"action_time": "2020-05-14T12:06:45.171Z", "user": 1, "content_type": 9, "object_id": "3", "object_repr": "Puzzle object (3)", "action_flag": 2, "change_message": "[{\"changed\": {\"fields\": [\"Name\"]}}]"}}, {"model": "admin.logentry", "pk": 35, "fields": {"action_time": "2020-05-14T12:06:54.231Z", "user": 1, "content_type": 9, "object_id": "2", "object_repr": "Puzzle object (2)", "action_flag": 2, "change_message": "[{\"changed\": {\"fields\": [\"Name\"]}}]"}}, {"model": "admin.logentry", "pk": 36, "fields": {"action_time": "2020-05-14T12:07:01.925Z", "user": 1, "content_type": 9, "object_id": "1", "object_repr": "Puzzle object (1)", "action_flag": 2, "change_message": "[{\"changed\": {\"fields\": [\"Name\"]}}]"}}, {"model": "admin.logentry", "pk": 37, "fields": {"action_time": "2020-05-14T12:07:14.806Z", "user": 1, "content_type": 9, "object_id": "4", "object_repr": "Puzzle object (4)", "action_flag": 2, "change_message": "[{\"changed\": {\"fields\": [\"Name\"]}}]"}}, {"model": "admin.logentry", "pk": 38, "fields": {"action_time": "2020-05-14T12:07:38.790Z", "user": 1, "content_type": 9, "object_id": "1", "object_repr": "Puzzle object (1)", "action_flag": 2, "change_message": "[{\"changed\": {\"fields\": [\"Name\"]}}]"}}, {"model": "admin.logentry", "pk": 39, "fields": {"action_time": "2020-05-14T12:07:57.668Z", "user": 1, "content_type": 9, "object_id": "4", "object_repr": "Puzzle object (4)", "action_flag": 2, "change_message": "[{\"changed\": {\"fields\": [\"Name\"]}}]"}}, {"model": "admin.logentry", "pk": 40, "fields": {"action_time": "2020-05-14T12:08:14.192Z", "user": 1, "content_type": 9, "object_id": "1", "object_repr": "Puzzle object (1)", "action_flag": 2, "change_message": "[{\"changed\": {\"fields\": [\"Name\"]}}]"}}, {"model": "admin.logentry", "pk": 41, "fields": {"action_time": "2020-05-14T12:08:57.446Z", "user": 1, "content_type": 12, "object_id": "51", "object_repr": "LogEvent object (51)", "action_flag": 3, "change_message": ""}}, {"model": "admin.logentry", "pk": 42, "fields": {"action_time": "2020-05-14T12:08:57.464Z", "user": 1, "content_type": 12, "object_id": "50", "object_repr": "LogEvent object (50)", "action_flag": 3, "change_message": ""}}, {"model": "admin.logentry", "pk": 43, "fields": {"action_time": "2020-05-14T12:08:57.476Z", "user": 1, "content_type": 12, "object_id": "49", "object_repr": "LogEvent object (49)", "action_flag": 3, "change_message": ""}}, {"model": "admin.logentry", "pk": 44, "fields": {"action_time": "2020-05-14T12:08:57.488Z", "user": 1, "content_type": 12, "object_id": "48", "object_repr": "LogEvent object (48)", "action_flag": 3, "change_message": ""}}, {"model": "admin.logentry", "pk": 45, "fields": {"action_time": "2020-05-14T12:08:57.507Z", "user": 1, "content_type": 12, "object_id": "47", "object_repr": "LogEvent object (47)", "action_flag": 3, "change_message": ""}}, {"model": "admin.logentry", "pk": 46, "fields": {"action_time": "2020-05-14T12:08:57.525Z", "user": 1, "content_type": 12, "object_id": "46", "object_repr": "LogEvent object (46)", "action_flag": 3, "change_message": ""}}, {"model": "admin.logentry", "pk": 47, "fields": {"action_time": "2020-05-14T12:08:57.535Z", "user": 1, "content_type": 12, "object_id": "45", "object_repr": "LogEvent object (45)", "action_flag": 3, "change_message": ""}}, {"model": "admin.logentry", "pk": 48, "fields": {"action_time": "2020-05-14T12:08:57.544Z", "user": 1, "content_type": 12, "object_id": "44", "object_repr": "LogEvent object (44)", "action_flag": 3, "change_message": ""}}, {"model": "admin.logentry", "pk": 49, "fields": {"action_time": "2020-05-14T12:08:57.554Z", "user": 1, "content_type": 12, "object_id": "43", "object_repr": "LogEvent object (43)", "action_flag": 3, "change_message": ""}}, {"model": "admin.logentry", "pk": 50, "fields": {"action_time": "2020-05-14T12:08:57.575Z", "user": 1, "content_type": 12, "object_id": "42", "object_repr": "LogEvent object (42)", "action_flag": 3, "change_message": ""}}, {"model": "admin.logentry", "pk": 51, "fields": {"action_time": "2020-05-14T12:08:57.606Z", "user": 1, "content_type": 12, "object_id": "41", "object_repr": "LogEvent object (41)", "action_flag": 3, "change_message": ""}}, {"model": "admin.logentry", "pk": 52, "fields": {"action_time": "2020-05-14T12:08:57.627Z", "user": 1, "content_type": 12, "object_id": "40", "object_repr": "LogEvent object (40)", "action_flag": 3, "change_message": ""}}, {"model": "admin.logentry", "pk": 53, "fields": {"action_time": "2020-05-14T12:08:57.638Z", "user": 1, "content_type": 12, "object_id": "39", "object_repr": "LogEvent object (39)", "action_flag": 3, "change_message": ""}}, {"model": "admin.logentry", "pk": 54, "fields": {"action_time": "2020-05-14T12:08:57.648Z", "user": 1, "content_type": 12, "object_id": "38", "object_repr": "LogEvent object (38)", "action_flag": 3, "change_message": ""}}, {"model": "admin.logentry", "pk": 55, "fields": {"action_time": "2020-05-14T12:08:57.656Z", "user": 1, "content_type": 12, "object_id": "37", "object_repr": "LogEvent object (37)", "action_flag": 3, "change_message": ""}}, {"model": "admin.logentry", "pk": 56, "fields": {"action_time": "2020-05-14T12:08:57.667Z", "user": 1, "content_type": 12, "object_id": "36", "object_repr": "LogEvent object (36)", "action_flag": 3, "change_message": ""}}, {"model": "admin.logentry", "pk": 57, "fields": {"action_time": "2020-05-14T12:08:57.685Z", "user": 1, "content_type": 12, "object_id": "35", "object_repr": "LogEvent object (35)", "action_flag": 3, "change_message": ""}}, {"model": "admin.logentry", "pk": 58, "fields": {"action_time": "2020-05-14T12:08:57.702Z", "user": 1, "content_type": 12, "object_id": "34", "object_repr": "LogEvent object (34)", "action_flag": 3, "change_message": ""}}, {"model": "admin.logentry", "pk": 59, "fields": {"action_time": "2020-05-14T12:08:57.714Z", "user": 1, "content_type": 12, "object_id": "33", "object_repr": "LogEvent object (33)", "action_flag": 3, "change_message": ""}}, {"model": "admin.logentry", "pk": 60, "fields": {"action_time": "2020-05-14T12:08:57.725Z", "user": 1, "content_type": 12, "object_id": "32", "object_repr": "LogEvent object (32)", "action_flag": 3, "change_message": ""}}, {"model": "admin.logentry", "pk": 61, "fields": {"action_time": "2020-05-14T12:08:57.739Z", "user": 1, "content_type": 12, "object_id": "31", "object_repr": "LogEvent object (31)", "action_flag": 3, "change_message": ""}}, {"model": "admin.logentry", "pk": 62, "fields": {"action_time": "2020-05-14T12:08:57.772Z", "user": 1, "content_type": 12, "object_id": "30", "object_repr": "LogEvent object (30)", "action_flag": 3, "change_message": ""}}, {"model": "admin.logentry", "pk": 63, "fields": {"action_time": "2020-05-14T12:08:57.807Z", "user": 1, "content_type": 12, "object_id": "29", "object_repr": "LogEvent object (29)", "action_flag": 3, "change_message": ""}}, {"model": "admin.logentry", "pk": 64, "fields": {"action_time": "2020-05-14T12:08:57.823Z", "user": 1, "content_type": 12, "object_id": "28", "object_repr": "LogEvent object (28)", "action_flag": 3, "change_message": ""}}, {"model": "admin.logentry", "pk": 65, "fields": {"action_time": "2020-05-14T12:08:57.837Z", "user": 1, "content_type": 12, "object_id": "27", "object_repr": "LogEvent object (27)", "action_flag": 3, "change_message": ""}}, {"model": "admin.logentry", "pk": 66, "fields": {"action_time": "2020-05-14T12:08:57.855Z", "user": 1, "content_type": 12, "object_id": "26", "object_repr": "LogEvent object (26)", "action_flag": 3, "change_message": ""}}, {"model": "admin.logentry", "pk": 67, "fields": {"action_time": "2020-05-14T12:08:57.870Z", "user": 1, "content_type": 12, "object_id": "25", "object_repr": "LogEvent object (25)", "action_flag": 3, "change_message": ""}}, {"model": "admin.logentry", "pk": 68, "fields": {"action_time": "2020-05-14T12:08:57.879Z", "user": 1, "content_type": 12, "object_id": "24", "object_repr": "LogEvent object (24)", "action_flag": 3, "change_message": ""}}, {"model": "admin.logentry", "pk": 69, "fields": {"action_time": "2020-05-14T12:08:57.888Z", "user": 1, "content_type": 12, "object_id": "23", "object_repr": "LogEvent object (23)", "action_flag": 3, "change_message": ""}}, {"model": "admin.logentry", "pk": 70, "fields": {"action_time": "2020-05-14T12:08:57.899Z", "user": 1, "content_type": 12, "object_id": "22", "object_repr": "LogEvent object (22)", "action_flag": 3, "change_message": ""}}, {"model": "admin.logentry", "pk": 71, "fields": {"action_time": "2020-05-14T12:08:57.912Z", "user": 1, "content_type": 12, "object_id": "21", "object_repr": "LogEvent object (21)", "action_flag": 3, "change_message": ""}}, {"model": "admin.logentry", "pk": 72, "fields": {"action_time": "2020-05-14T12:08:57.925Z", "user": 1, "content_type": 12, "object_id": "20", "object_repr": "LogEvent object (20)", "action_flag": 3, "change_message": ""}}, {"model": "admin.logentry", "pk": 73, "fields": {"action_time": "2020-05-14T12:08:57.942Z", "user": 1, "content_type": 12, "object_id": "19", "object_repr": "LogEvent object (19)", "action_flag": 3, "change_message": ""}}, {"model": "admin.logentry", "pk": 74, "fields": {"action_time": "2020-05-14T12:08:57.954Z", "user": 1, "content_type": 12, "object_id": "18", "object_repr": "LogEvent object (18)", "action_flag": 3, "change_message": ""}}, {"model": "admin.logentry", "pk": 75, "fields": {"action_time": "2020-05-14T12:08:57.963Z", "user": 1, "content_type": 12, "object_id": "17", "object_repr": "LogEvent object (17)", "action_flag": 3, "change_message": ""}}, {"model": "admin.logentry", "pk": 76, "fields": {"action_time": "2020-05-14T12:08:57.973Z", "user": 1, "content_type": 12, "object_id": "16", "object_repr": "LogEvent object (16)", "action_flag": 3, "change_message": ""}}, {"model": "admin.logentry", "pk": 77, "fields": {"action_time": "2020-05-14T12:08:57.983Z", "user": 1, "content_type": 12, "object_id": "15", "object_repr": "LogEvent object (15)", "action_flag": 3, "change_message": ""}}, {"model": "admin.logentry", "pk": 78, "fields": {"action_time": "2020-05-14T12:08:57.999Z", "user": 1, "content_type": 12, "object_id": "14", "object_repr": "LogEvent object (14)", "action_flag": 3, "change_message": ""}}, {"model": "admin.logentry", "pk": 79, "fields": {"action_time": "2020-05-14T12:08:58.011Z", "user": 1, "content_type": 12, "object_id": "13", "object_repr": "LogEvent object (13)", "action_flag": 3, "change_message": ""}}, {"model": "admin.logentry", "pk": 80, "fields": {"action_time": "2020-05-14T12:08:58.023Z", "user": 1, "content_type": 12, "object_id": "12", "object_repr": "LogEvent object (12)", "action_flag": 3, "change_message": ""}}, {"model": "admin.logentry", "pk": 81, "fields": {"action_time": "2020-05-14T12:08:58.036Z", "user": 1, "content_type": 12, "object_id": "11", "object_repr": "LogEvent object (11)", "action_flag": 3, "change_message": ""}}, {"model": "admin.logentry", "pk": 82, "fields": {"action_time": "2020-05-14T12:08:58.045Z", "user": 1, "content_type": 12, "object_id": "10", "object_repr": "LogEvent object (10)", "action_flag": 3, "change_message": ""}}, {"model": "admin.logentry", "pk": 83, "fields": {"action_time": "2020-05-14T12:08:58.055Z", "user": 1, "content_type": 12, "object_id": "9", "object_repr": "LogEvent object (9)", "action_flag": 3, "change_message": ""}}, {"model": "admin.logentry", "pk": 84, "fields": {"action_time": "2020-05-14T12:08:58.063Z", "user": 1, "content_type": 12, "object_id": "8", "object_repr": "LogEvent object (8)", "action_flag": 3, "change_message": ""}}, {"model": "admin.logentry", "pk": 85, "fields": {"action_time": "2020-05-14T12:08:58.071Z", "user": 1, "content_type": 12, "object_id": "7", "object_repr": "LogEvent object (7)", "action_flag": 3, "change_message": ""}}, {"model": "admin.logentry", "pk": 86, "fields": {"action_time": "2020-05-14T12:08:58.083Z", "user": 1, "content_type": 12, "object_id": "6", "object_repr": "LogEvent object (6)", "action_flag": 3, "change_message": ""}}, {"model": "admin.logentry", "pk": 87, "fields": {"action_time": "2020-05-14T12:08:58.101Z", "user": 1, "content_type": 12, "object_id": "5", "object_repr": "LogEvent object (5)", "action_flag": 3, "change_message": ""}}, {"model": "admin.logentry", "pk": 88, "fields": {"action_time": "2020-05-14T12:08:58.114Z", "user": 1, "content_type": 12, "object_id": "4", "object_repr": "LogEvent object (4)", "action_flag": 3, "change_message": ""}}, {"model": "admin.logentry", "pk": 89, "fields": {"action_time": "2020-05-14T12:08:58.125Z", "user": 1, "content_type": 12, "object_id": "3", "object_repr": "LogEvent object (3)", "action_flag": 3, "change_message": ""}}, {"model": "admin.logentry", "pk": 90, "fields": {"action_time": "2020-05-14T12:08:58.136Z", "user": 1, "content_type": 12, "object_id": "2", "object_repr": "LogEvent object (2)", "action_flag": 3, "change_message": ""}}, {"model": "admin.logentry", "pk": 91, "fields": {"action_time": "2020-05-14T12:08:58.147Z", "user": 1, "content_type": 12, "object_id": "1", "object_repr": "LogEvent object (1)", "action_flag": 3, "change_message": ""}}, {"model": "admin.logentry", "pk": 92, "fields": {"action_time": "2020-06-16T08:25:48.543Z", "user": 1, "content_type": 10, "object_id": "1", "object_repr": "PuzzleCity object (1)", "action_flag": 2, "change_message": "[{\"changed\": {\"fields\": [\"Answer\"]}}]"}}, {"model": "admin.logentry", "pk": 93, "fields": {"action_time": "2020-07-27T12:39:56.825Z", "user": 1, "content_type": 7, "object_id": "2", "object_repr": "City object (2)", "action_flag": 1, "change_message": "[{\"added\": {}}]"}}, {"model": "admin.logentry", "pk": 94, "fields": {"action_time": "2020-07-27T12:40:49.433Z", "user": 1, "content_type": 8, "object_id": "f2bde486-e597-470f-9296-07b9c3fa5cd4", "object_repr": "Place object (f2bde486-e597-470f-9296-07b9c3fa5cd4)", "action_flag": 1, "change_message": "[{\"added\": {}}]"}}, {"model": "admin.logentry", "pk": 95, "fields": {"action_time": "2020-07-27T12:50:18.185Z", "user": 1, "content_type": 8, "object_id": "e004477c-646d-4777-beee-628bebc40dcb", "object_repr": "paris demo", "action_flag": 2, "change_message": "[{\"changed\": {\"fields\": [\"Name\"]}}]"}}, {"model": "admin.logentry", "pk": 96, "fields": {"action_time": "2020-07-27T12:50:26.001Z", "user": 1, "content_type": 8, "object_id": "f2bde486-e597-470f-9296-07b9c3fa5cd4", "object_repr": "brussels demo", "action_flag": 2, "change_message": "[{\"changed\": {\"fields\": [\"Name\"]}}]"}}, {"model": "admin.logentry", "pk": 97, "fields": {"action_time": "2020-07-27T12:52:59.752Z", "user": 1, "content_type": 11, "object_id": "29f90eca-e03b-45e5-b76b-67aa4802a169", "object_repr": "brussels demo - Historic Map", "action_flag": 1, "change_message": "[{\"added\": {}}]"}}, {"model": "admin.logentry", "pk": 98, "fields": {"action_time": "2020-07-27T12:55:03.803Z", "user": 1, "content_type": 10, "object_id": "5", "object_repr": "Historic Map - brussels", "action_flag": 1, "change_message": "[{\"added\": {}}]"}}, {"model": "admin.logentry", "pk": 99, "fields": {"action_time": "2020-07-27T12:56:41.910Z", "user": 1, "content_type": 10, "object_id": "6", "object_repr": "Landmarks - brussels", "action_flag": 1, "change_message": "[{\"added\": {}}]"}}, {"model": "admin.logentry", "pk": 100, "fields": {"action_time": "2020-07-27T12:57:33.540Z", "user": 1, "content_type": 10, "object_id": "7", "object_repr": "Solution - brussels", "action_flag": 1, "change_message": "[{\"added\": {}}]"}}, {"model": "admin.logentry", "pk": 101, "fields": {"action_time": "2020-07-27T12:58:17.383Z", "user": 1, "content_type": 11, "object_id": "02676f78-bcad-4d5e-b020-1aae3a9a9e53", "object_repr": "brussels demo - Landmarks", "action_flag": 1, "change_message": "[{\"added\": {}}]"}}, {"model": "admin.logentry", "pk": 102, "fields": {"action_time": "2020-07-27T12:58:33.278Z", "user": 1, "content_type": 11, "object_id": "2b0d064e-1d42-48a6-9039-c5d0c65807cd", "object_repr": "brussels demo - Solution", "action_flag": 1, "change_message": "[{\"added\": {}}]"}}, {"model": "admin.logentry", "pk": 103, "fields": {"action_time": "2020-07-27T12:58:49.671Z", "user": 1, "content_type": 11, "object_id": "02676f78-bcad-4d5e-b020-1aae3a9a9e53", "object_repr": "brussels demo - Landmarks", "action_flag": 2, "change_message": "[{\"changed\": {\"fields\": [\"Order\"]}}]"}}, {"model": "admin.logentry", "pk": 104, "fields": {"action_time": "2020-07-27T13:05:02.746Z", "user": 1, "content_type": 9, "object_id": "4", "object_repr": "Simple Question", "action_flag": 2, "change_message": "[{\"changed\": {\"fields\": [\"Name\"]}}]"}}, {"model": "admin.logentry", "pk": 105, "fields": {"action_time": "2020-07-29T11:10:08.857Z", "user": 1, "content_type": 10, "object_id": "5", "object_repr": "Historic Map - brussels", "action_flag": 2, "change_message": "[{\"changed\": {\"fields\": [\"Answer\"]}}]"}}, {"model": "admin.logentry", "pk": 106, "fields": {"action_time": "2020-07-29T11:10:49.912Z", "user": 1, "content_type": 10, "object_id": "5", "object_repr": "Historic Map - brussels", "action_flag": 2, "change_message": "[{\"changed\": {\"fields\": [\"Answer\"]}}]"}}, {"model": "admin.logentry", "pk": 107, "fields": {"action_time": "2020-08-01T12:49:46.273Z", "user": 1, "content_type": 10, "object_id": "6", "object_repr": "Landmarks - brussels", "action_flag": 2, "change_message": "[{\"changed\": {\"fields\": [\"Answer\"]}}]"}}, {"model": "admin.logentry", "pk": 108, "fields": {"action_time": "2020-08-01T12:50:50.841Z", "user": 1, "content_type": 11, "object_id": "6fa104e7-07f2-47b1-b231-eeb2fb9ef464", "object_repr": "brussels demo - Simple Question", "action_flag": 1, "change_message": "[{\"added\": {}}]"}}, {"model": "admin.logentry", "pk": 109, "fields": {"action_time": "2020-08-01T12:51:03.225Z", "user": 1, "content_type": 11, "object_id": "2b0d064e-1d42-48a6-9039-c5d0c65807cd", "object_repr": "brussels demo - Solution", "action_flag": 2, "change_message": "[{\"changed\": {\"fields\": [\"Order\"]}}]"}}, {"model": "admin.logentry", "pk": 110, "fields": {"action_time": "2020-08-01T12:52:03.788Z", "user": 1, "content_type": 10, "object_id": "8", "object_repr": "Simple Question - brussels", "action_flag": 1, "change_message": "[{\"added\": {}}]"}}]